0,0,1,serving
0,1,1,serving
0,3,1,serving
0,4,2,tbsp
1,6,1,serving
1,7,4,boned
1,8,1,can
1,9,1,carton
2,10,1,serving
2,11,1,serving
3,8,1,serving
3,15,1,serving
3,16,1,serving
3,17,4,oz
4,4,1,serving
4,18,1,c
4,20,1,serving
4,21,1,serving
5,1,6,c
5,9,1,serving
5,22,1,serving
5,23,1,serving
5,24,1,serving
5,25,12,sliced
5,26,1,serving
6,2,1,tsp
6,28,1,serving
6,29,1,c
6,30,2,c
6,31,1,tsp
6,32,2,c
7,4,6,tsp
7,14,1,serving
7,28,1,serving
7,33,1,can
7,34,1,can
7,35,1,serving
8,36,1,serving
8,40,1,serving
9,42,1,serving
9,43,1,can
9,44,1,serving
9,45,1,c
9,46,1,serving
10,47,1,serving
10,49,1,serving
10,50,2,c
10,52,1,serving
11,4,1,serving
11,18,0,oz
11,20,1,box
11,21,12,oz
11,53,1,serving
12,15,1,serving
12,30,1,serving
12,54,1,serving
13,9,8,oz
13,11,8,oz
13,24,1,serving
13,55,1,serving
13,56,1,lb
13,57,1,pkg
13,58,1,serving
13,59,1,serving
13,60,1,serving
13,61,1,serving
14,42,1,serving
14,43,1,serving
14,62,1,can
14,63,2,tbsp
15,27,1,c
15,64,1,serving
15,65,1,qt
15,66,4,tbsp
15,67,4,tbsp
17,25,10,slices
17,71,1,serving
17,72,1,serving
17,74,1,c
17,75,2,tbsp
18,9,1,pt
18,42,1,serving
18,45,1,serving
18,76,1,lb
18,77,3,ripe
18,78,1,serving
19,3,1,c
19,30,1,serving
19,31,1,serving
19,73,1,c
19,81,1,serving
20,13,1,tsp
20,27,1,c
20,30,2,c
20,31,2,tsp
20,77,1,serving
20,82,1,serving
21,9,8,oz
21,82,1,serving
21,83,1,serving
21,84,1,pkg
21,85,1,serving
22,86,1,c
22,87,1,serving
22,88,1,serving
23,41,1,c
23,88,1,serving
23,89,6,cans
23,90,1,serving
23,91,1,tbsp
23,92,2,tbsp
23,93,1,tsp
24,28,1,serving
24,60,1,serving
24,94,1,c
25,13,2,tsp
25,30,1,serving
25,38,3,medium
25,96,1,serving
25,98,1,tsp
25,99,1,serving
25,100,1,c
25,101,1,tsp
25,102,1,serving
26,0,2,tbsp
26,39,1,tbsp
26,60,1,serving
26,103,1,serving
26,104,2,tbsp
26,105,1,serving
26,106,1,serving
27,2,1,tsp
27,3,1,serving
27,43,1,serving
27,107,1,serving
27,108,1,serving
28,40,1,serving
28,56,1,lb
28,57,1,pkg
28,59,1,medium
28,60,1,serving
28,109,1,serving
28,110,1,c
29,1,1,c
29,13,1,tbsp
29,27,2,tbsp
29,30,1,serving
29,111,1,serving
29,112,3,tbsp
30,42,1,serving
30,77,1,serving
30,113,1,serving
30,114,1,serving
30,115,1,qt
30,116,1,serving
30,117,1,serving
30,118,1,lb
30,119,1,lb
31,92,2,tbsp
31,120,1,pkg
31,122,2,tbsp
32,4,1,stick
32,123,2,cans
32,124,1,box
32,125,1,c
33,13,1,tsp
33,24,1,c
33,82,1,serving
33,126,3,c
34,60,1,medium
34,127,1,box
34,128,1,can
34,129,1,serving
35,74,1,c
35,130,1,serving
35,131,1,c
36,9,16,oz
36,24,6,oz
36,71,1,serving
36,132,1,serving
37,133,1,serving
37,134,1,serving
38,11,1,serving
38,135,1,serving
38,136,1,serving
38,137,1,serving
39,27,7,c
39,138,7,lb
39,139,2,c
40,13,1,tbsp
40,15,3,lb
40,27,1,tbsp
40,36,1,serving
40,38,2,medium
40,94,1,serving
40,126,4,medium
40,127,1,serving
40,141,1,serving
40,142,1,serving
40,143,1,serving
40,144,1,serving
40,145,1,tbsp
41,4,2,tbsp
41,27,1,serving
41,28,1,serving
41,30,1,c
42,27,3,tbsp
42,29,2,c
42,30,5,c
42,31,1,tsp
42,111,1,serving
42,146,4,tsp
43,52,1,serving
43,147,2,tbsp
43,149,1,serving
43,150,1,can
44,3,1,serving
44,4,1,serving
44,82,1,serving
44,151,1,box
45,27,1,c
45,30,1,c
45,82,1,serving
45,153,1,can
46,27,1,tbsp
46,30,1,serving
46,154,1,serving
47,15,1,cubed
47,60,1,serving
47,71,1,serving
47,102,1,serving
47,156,1,serving
47,157,1,can
47,158,1,serving
48,2,1,tsp
48,30,1,serving
48,159,1,serving
48,160,1,serving
49,27,1,tsp
49,36,1,serving
49,37,2,c
49,105,1,serving
49,161,1,serving
49,162,1,serving
50,1,1,c
50,7,1,serving
50,8,1,can
50,60,1,grated
50,163,1,can
50,164,1,can
50,165,1,can
50,166,1,pkg
51,27,2,tsp
51,60,1,serving
51,61,1,serving
51,75,1,tbsp
51,102,1,tsp
51,167,1,serving
51,168,1,serving
52,13,2,tsp
52,36,1,serving
52,60,1,serving
52,61,1,serving
52,97,1,serving
52,169,2,lb
52,170,1,tbsp
52,171,1,tsp
52,172,1,serving
53,27,1,c
53,173,1,can
53,174,1,can
53,175,1,can
54,9,0,oz
54,34,1,serving
54,147,1,stick
54,176,1,serving
54,177,1,serving
55,56,1,lb
55,60,1,serving
55,158,1,c
55,178,1,can
55,179,1,serving
56,60,1,serving
56,157,1,can
56,167,1,small
56,180,1,tsp
56,181,1,can
57,28,1,serving
57,39,1,tbsp
57,74,2,tbsp
57,180,1,tsp
58,11,1,serving
58,24,1,c
58,55,1,serving
58,59,1,serving
58,61,1,serving
58,72,1,serving
58,182,1,c
58,184,1,serving
59,2,1,serving
59,4,1,serving
59,185,2,c
60,2,1,tsp
60,43,2,cans
60,45,1,serving
60,187,1,lb
60,188,2,cans
60,189,1,tsp
61,3,1,serving
61,11,1,serving
61,20,1,lb
61,82,1,serving
61,152,1,stick
61,190,1,serving
62,42,1,serving
62,77,1,serving
63,4,1,serving
63,8,1,can
63,15,1,serving
63,157,1,can
63,163,1,can
63,191,1,serving
64,3,1,serving
64,11,1,serving
64,42,1,serving
64,43,1,serving
65,2,1,serving
65,4,2,tbsp
65,11,1,serving
65,18,2,tbsp
66,2,1,tsp
66,113,4,medium
67,11,12,oz
67,76,2,pkg
68,147,1,stick
69,1,1,c
69,2,1,tsp
69,30,1,serving
69,37,1,serving
69,82,1,serving
70,0,1,c
70,3,1,c
70,13,1,tsp
70,27,1,serving
70,30,3,c
70,31,2,tsp
70,73,2,c
70,79,2,tbsp
70,81,1,tsp
70,195,3,medium
70,196,2,c
70,197,1,tsp
70,198,1,tsp
71,4,1,serving
71,9,0,oz
71,24,1,serving
71,60,1,serving
71,126,1,serving
71,163,1,can
71,199,1,serving
72,4,1,serving
72,200,1,serving
73,2,1,tsp
73,3,1,serving
73,202,1,serving
74,13,1,serving
74,30,1,c
74,81,1,tsp
74,152,1,stick
74,195,1,serving
75,24,1,serving
75,204,2,c
75,205,1,lb
76,13,1,serving
76,14,1,serving
76,15,1,serving
76,163,1,can
76,191,2,c
76,206,1,can
77,0,2,tbsp
77,4,2,tbsp
77,13,1,tsp
77,37,1,c
77,38,2,chopped
77,56,1,lb
77,63,2,tbsp
77,75,2,tbsp
77,207,1,c
78,26,1,serving
78,28,1,serving
78,66,1,tbsp
78,208,1,serving
79,0,1,c
79,81,1,serving
79,210,1,tsp
79,211,1,tsp
80,15,1,serving
80,87,1,serving
80,212,1,tbsp
80,213,2,tsp
80,214,2,tbsp
80,215,1,serving
80,216,1,serving
81,1,1,serving
81,40,1,serving
81,82,1,serving
81,217,1,serving
81,218,1,serving
81,219,1,serving
81,220,1,serving
81,221,6,pieces
82,27,1,c
82,222,1,serving
82,223,1,medium
82,224,1,serving
82,225,1,serving
83,156,1,serving
83,161,1,serving
83,191,1,serving
83,226,1,can
84,11,1,serving
84,27,2,tbsp
84,42,1,serving
84,147,2,tbsp
84,227,1,serving
84,228,1,serving
84,229,1,c
85,88,3,cloves
85,230,2,lb
85,231,1,serving
85,232,1,serving
86,20,1,serving
86,27,2,tbsp
86,28,1,serving
86,41,1,serving
87,2,1,tbsp
87,3,1,serving
87,147,1,lb
87,194,1,c
87,233,4,lb
87,234,1,lb
88,4,1,stick
88,9,1,pt
88,13,1,serving
88,15,2,cans
88,38,1,serving
88,168,1,serving
88,235,3,lb
88,236,1,serving
89,11,2,pkg
89,13,1,serving
89,24,1,serving
89,39,2,tsp
89,60,1,serving
89,61,1,serving
89,63,1,tsp
89,237,1,serving
89,238,1,serving
90,1,1,serving
90,11,1,serving
90,42,1,serving
90,239,1,serving
90,240,1,serving
91,2,1,serving
91,13,1,serving
91,27,3,c
91,30,1,serving
91,82,1,serving
91,147,2,sticks
91,241,1,c
92,0,1,c
92,1,2,tbsp
92,81,1,serving
92,221,1,serving
92,242,1,serving
93,150,1,serving
93,158,1,serving
93,163,1,can
93,243,1,serving
94,24,1,serving
94,60,1,diced
94,181,1,can
94,244,1,can
95,13,1,tsp
95,41,1,tbsp
95,56,1,lb
95,245,1,serving
96,0,1,serving
96,15,1,serving
96,42,8,oz
96,61,1,c
96,66,2,tbsp
96,75,2,tbsp
96,79,2,tbsp
96,87,1,tbsp
96,247,2,c
97,249,10,juicy
97,250,1,c
97,252,1,c
98,18,1,serving
98,27,1,c
98,28,1,serving
99,1,1,serving
99,45,1,c
99,82,1,serving
99,147,1,serving
99,151,1,box
100,13,1,tsp
100,27,1,tbsp
100,28,1,serving
100,29,1,c
100,30,1,c
100,31,1,tsp
100,147,3,tbsp
101,13,1,serving
101,60,1,serving
101,82,1,serving
101,88,1,serving
101,253,1,medium
101,254,2,c
101,255,1,c
101,256,1,serving
102,0,1,tbsp
102,4,2,tbsp
102,75,1,tbsp
102,195,1,serving
102,258,1,c
103,13,2,tsp
103,25,6,slices
103,30,3,tbsp
103,37,1,c
103,72,1,serving
103,126,4,lb
103,259,1,c
104,4,2,tbsp
104,6,3,c
104,13,1,serving
104,36,1,serving
104,38,2,medium
104,56,1,lb
104,102,1,c
104,126,1,serving
104,168,1,serving
104,219,1,serving
104,260,1,c
104,261,1,serving
105,27,2,c
105,81,2,tsp
105,263,1,tsp
106,179,1,serving
106,265,1,can
106,266,1,lb
106,267,1,serving
107,27,1,c
107,82,1,serving
107,146,1,tsp
108,224,1,serving
108,268,1,serving
108,269,1,serving
108,272,1,serving
109,39,1,tsp
109,60,1,c
109,106,1,serving
109,109,1,serving
109,144,1,c
109,165,1,serving
109,175,1,c
109,214,2,tbsp
109,273,1,serving
109,275,1,tsp
110,0,2,c
110,51,1,tsp
110,82,1,serving
110,170,1,c
110,276,1,serving
111,15,1,serving
111,60,1,serving
111,87,1,serving
111,102,1,serving
111,143,1,serving
111,277,1,can
111,278,1,can
111,279,1,c
112,11,1,serving
112,39,1,serving
112,60,1,serving
112,280,1,serving
112,281,1,tbsp
112,282,1,serving
113,11,0,oz
113,72,1,serving
113,183,1,serving
113,283,1,jar
114,1,1,serving
114,13,1,serving
114,15,1,serving
114,72,1,serving
114,168,1,serving
114,284,1,serving
114,285,1,serving
114,286,1,serving
114,287,1,serving
115,26,1,serving
115,36,2,medium
115,37,2,tbsp
115,88,2,cloves
115,131,1,serving
115,147,1,tbsp
115,218,2,c
115,253,3,medium
115,288,1,serving
116,9,1,c
116,11,1,serving
116,13,2,tsp
116,27,2,tsp
116,36,1,serving
116,72,1,serving
116,79,1,tsp
116,88,1,serving
116,105,1,serving
116,289,1,lb
116,290,1,serving
116,291,1,c
117,63,1,tsp
117,102,1,serving
117,118,1,c
117,155,1,serving
117,292,1,serving
117,293,1,serving
117,294,1,c
117,295,1,serving
118,2,1,tsp
118,13,1,serving
118,75,1,tbsp
118,82,1,serving
118,147,1,stick
118,296,1,tbsp
119,246,1,serving
119,253,2,small
119,297,1,lb
119,298,1,large
119,299,1,serving
120,13,1,tsp
120,27,3,tbsp
120,60,1,large
120,300,1,serving
120,302,1,serving
121,8,1,serving
121,15,1,serving
121,36,1,serving
121,163,1,serving
121,303,1,serving
121,304,1,serving
121,305,1,tbsp
122,6,1,serving
122,11,0,oz
122,39,1,tsp
122,237,1,serving
122,306,1,serving
122,309,1,serving
123,42,1,serving
123,52,1,serving
123,311,1,serving
124,28,1,serving
124,146,2,tsp
124,312,1,c
125,1,3,c
125,11,1,serving
125,20,1,c
125,30,1,c
125,45,1,serving
125,147,1,stick
125,313,1,serving
126,27,1,tsp
126,30,1,serving
126,37,1,c
126,82,4,large
127,13,1,serving
127,33,1,can
127,35,1,serving
127,60,1,serving
127,82,1,serving
128,0,1,serving
128,13,1,serving
128,56,2,lb
128,60,1,serving
128,106,1,serving
128,109,1,serving
128,175,1,serving
128,274,1,c
128,314,1,serving
128,315,2,cans
128,316,1,serving
128,317,1,tsp
129,66,7,tbsp
129,228,1,serving
129,318,1,serving
129,319,46,oz
130,11,1,serving
130,83,1,serving
130,293,1,serving
131,156,1,serving
131,161,1,serving
131,191,1,serving
131,321,1,can
131,322,1,serving
132,74,1,c
132,323,1,serving
132,324,1,jar
133,13,1,serving
133,39,2,tbsp
133,100,1,qt
133,145,1,tsp
133,325,1,qt
133,326,1,serving
134,13,1,serving
134,27,1,c
134,30,2,tbsp
134,81,1,tsp
134,195,1,serving
135,13,1,serving
135,27,2,tbsp
135,39,3,tbsp
135,106,1,tbsp
135,273,1,lb
135,274,1,c
136,4,1,serving
136,27,3,c
136,30,3,c
136,82,1,serving
136,327,3,tbsp
136,328,1,serving
137,11,1,serving
137,39,1,tbsp
137,60,1,serving
137,181,1,can
137,329,1,serving
137,331,3,tbsp
138,2,1,tsp
138,27,2,c
138,30,1,serving
138,50,1,c
138,159,1,serving
138,194,3,tbsp
138,332,1,serving
139,8,1,can
139,56,2,lb
139,60,1,chopped
139,157,1,can
139,163,1,can
139,246,1,chopped
139,291,1,serving
139,333,1,serving
140,37,1,c
140,334,1,serving
140,335,4,c
140,336,1,serving
141,1,1,serving
141,11,8,oz
141,46,1,serving
141,147,1,serving
141,185,2,c
141,337,1,c
141,338,1,jar
142,9,1,c
142,60,1,serving
143,41,1,tbsp
143,60,1,serving
143,82,1,serving
143,340,5,oz
143,341,1,serving
143,342,6,oz
144,60,1,medium
144,93,1,tsp
144,94,1,can
144,102,1,serving
144,109,1,serving
144,127,1,serving
144,168,1,serving
144,326,1,large
144,343,1,serving
144,344,1,serving
144,346,1,c
145,2,1,tsp
145,13,1,serving
145,27,2,c
145,30,2,c
145,37,1,c
145,82,1,serving
145,152,2,sticks
145,193,1,tsp
146,1,1,serving
146,3,1,serving
146,107,6,oz
146,347,1,serving
147,0,1,serving
147,1,1,serving
147,27,1,c
148,45,1,serving
148,200,1,serving
148,348,1,serving
149,1,6,tbsp
149,4,6,tbsp
150,1,1,serving
150,81,1,tsp
150,82,1,serving
150,350,1,serving
150,351,1,serving
150,352,1,serving
151,82,5,large
151,354,1,serving
152,2,1,tsp
152,21,1,c
152,355,1,serving
153,24,1,serving
153,38,1,serving
153,165,1,serving
153,309,1,serving
153,356,1,serving
153,357,1,serving
154,9,1,c
154,24,1,c
154,57,1,pkg
154,72,1,serving
154,74,3,tbsp
154,109,1,serving
154,182,1,c
154,358,1,serving
155,13,2,tbsp
155,27,1,c
155,37,4,c
155,82,1,serving
155,359,1,serving
156,8,1,can
156,15,2,c
156,30,1,serving
156,60,1,chopped
156,143,1,can
156,208,3,c
157,15,3,c
157,72,1,serving
157,92,1,serving
157,131,1,serving
157,219,1,serving
157,360,2,t
157,361,1,c
157,362,4,oz
158,38,2,medium
158,61,1,serving
158,88,8,cloves
158,92,1,tsp
158,171,1,serving
158,231,1,serving
158,262,1,tsp
158,326,1,serving
158,363,1,large
158,367,1,serving
159,45,1,serving
159,48,1,c
159,82,1,serving
159,368,1,box
159,369,1,c
159,370,1,pkg
159,371,1,serving
160,27,2,c
160,30,1,serving
160,41,1,c
160,82,1,serving
160,210,2,tsp
160,228,1,serving
161,48,1,qt
161,50,1,c
161,196,3,c
161,372,1,qt
161,373,1,serving
161,374,6,oz
162,4,2,sticks
162,27,2,c
162,82,1,serving
162,197,1,serving
162,375,1,serving
163,27,2,c
163,30,1,serving
163,82,1,serving
163,112,1,c
163,376,1,tsp
163,377,1,tbsp
164,2,2,tsp
164,30,1,serving
164,42,1,serving
164,45,1,serving
164,82,3,large
164,86,1,c
164,168,1,serving
164,193,2,tsp
164,378,1,tsp
165,4,1,serving
165,7,1,serving
165,156,1,serving
165,161,1,serving
165,379,1,serving
165,380,1,serving
166,13,1,tsp
166,27,1,tsp
166,30,1,tbsp
166,36,1,serving
166,60,1,serving
166,61,1,serving
166,382,2,tbsp
166,383,1,serving
166,384,1,serving
167,3,1,serving
167,4,1,stick
167,27,1,c
167,77,1,serving
167,82,1,serving
168,13,1,serving
168,106,1,serving
168,204,1,serving
168,386,1,serving
169,8,1,can
169,9,1,pt
169,60,1,serving
169,147,1,serving
169,387,1,serving
169,388,2,c
170,1,1,c
170,27,2,tbsp
170,28,1,serving
170,30,3,c
171,182,1,serving
171,254,1,serving
171,389,1,lb
171,390,1,pkg
172,13,1,serving
172,25,8,strips
172,38,1,serving
172,282,1,serving
172,391,4,lb
172,392,1,serving
173,1,2,c
173,2,1,tsp
173,4,1,serving
173,30,1,serving
173,82,1,serving
174,13,1,serving
174,30,1,serving
174,56,1,serving
175,1,1,c
175,4,3,tbsp
175,27,2,tbsp
175,28,1,serving
175,30,1,serving
175,146,2,tsp
176,2,1,tsp
176,28,1,serving
176,45,1,serving
177,56,1,lb
177,82,1,serving
177,156,1,serving
177,182,1,serving
177,395,1,serving
178,3,1,serving
178,43,1,serving
178,107,2,c
178,397,1,serving
179,13,1,serving
179,28,1,beaten
179,60,1,small
179,71,1,serving
180,3,1,serving
180,13,1,tsp
180,27,1,c
180,30,1,serving
180,82,1,serving
180,107,1,serving
180,399,1,serving
180,400,1,serving
181,8,1,can
181,37,1,serving
181,41,2,tbsp
181,60,1,serving
181,102,1,serving
181,163,1,can
181,179,1,serving
181,191,1,serving
181,273,1,lb
182,4,1,lb
182,27,1,serving
182,293,1,serving
182,401,1,serving
183,13,1,serving
183,28,1,serving
183,56,1,lb
183,60,1,serving
183,90,4,large
184,82,1,serving
184,151,1,box
185,28,1,serving
185,30,1,serving
186,1,2,c
186,14,1,serving
186,82,1,serving
186,403,2,c
187,0,1,c
187,28,1,serving
187,45,1,serving
187,73,1,c
187,81,1,tsp
187,193,1,tsp
188,30,3,c
188,82,1,serving
189,1,1,serving
189,2,1,tbsp
189,3,1,serving
189,27,4,c
189,52,1,serving
189,404,4,sq
189,405,1,serving
189,406,1,serving
190,3,1,serving
190,21,1,serving
190,27,1,c
190,82,1,serving
190,407,1,c
191,4,1,serving
191,233,2,tbsp
192,2,1,tsp
192,3,1,serving
192,27,1,c
192,82,1,serving
192,354,1,serving
193,1,4,c
193,11,1,serving
193,30,1,c
193,37,1,c
193,82,1,serving
193,147,1,stick
193,153,1,serving
193,409,3,pkg
194,410,1,c
194,412,1,c
195,2,2,tbsp
195,4,1,c
195,18,5,c
195,20,1,serving
195,194,1,c
196,131,1,serving
196,220,4,tsp
196,221,1,serving
196,262,1,serving
196,365,1,serving
197,42,1,serving
197,52,1,serving
197,63,2,tsp
197,66,1,tbsp
197,77,1,serving
197,195,1,serving
197,252,2,tsp
197,413,1,serving
197,414,2,c
197,415,1,serving
198,4,1,tbsp
198,13,1,serving
198,27,1,c
198,66,3,tbsp
198,81,1,serving
198,415,1,qt
199,1,2,c
199,27,2,c
199,66,2,tbsp
199,82,1,serving
199,378,1,serving
199,416,1,serving
200,13,1,serving
200,15,5,c
200,30,3,tbsp
200,37,2,tbsp
200,82,3,boiled
200,208,5,c
201,13,1,tsp
201,37,1,c
201,60,1,serving
201,106,1,serving
201,207,1,c
201,259,2,tbsp
201,330,1,serving
201,417,4,lb
202,37,1,c
202,77,2,large
202,249,1,serving
202,252,1,serving
202,415,1,serving
202,418,3,tbsp
202,419,1,serving
202,420,1,serving
203,27,2,tbsp
203,28,1,serving
203,29,1,c
203,30,1,c
203,193,2,tsp
203,421,1,c
204,88,2,minced
204,106,1,serving
204,248,1,tsp
204,262,1,tsp
204,423,1,serving
205,36,1,serving
205,37,4,c
205,41,1,tbsp
205,66,3,tsp
205,88,1,serving
205,122,1,serving
205,165,1,serving
205,425,2,lb
206,28,1,serving
206,30,1,serving
206,37,1,serving
206,111,1,serving
207,0,1,serving
207,1,1,tbsp
207,2,2,tbsp
207,13,1,tsp
207,27,1,serving
207,28,1,serving
207,86,1,c
207,95,1,serving
207,193,3,tsp
207,199,1,c
207,401,1,serving
208,37,2,tbsp
208,60,1,serving
208,63,2,tbsp
208,214,1,tbsp
208,219,1,serving
208,282,1,tsp
208,366,1,tbsp
208,426,1,tbsp
209,42,1,serving
209,52,1,serving
209,77,1,serving
209,427,1,serving
209,428,1,serving
210,2,2,tsp
210,4,3,tbsp
210,66,4,tbsp
210,77,2,sliced
210,159,1,serving
211,13,1,tsp
211,14,1,serving
211,38,1,serving
211,63,2,tsp
211,158,1,serving
212,11,1,serving
212,63,4,tbsp
212,82,1,serving
213,27,1,c
213,81,1,tsp
213,82,1,serving
213,146,1,tsp
213,168,1,serving
213,193,1,tsp
214,37,6,c
214,48,1,qt
214,399,1,serving
214,429,1,serving
214,430,1,serving
214,431,1,serving
215,60,1,serving
215,74,1,serving
215,432,1,can
215,433,1,serving
216,17,2,c
216,28,1,beaten
216,39,1,tsp
216,56,1,lb
216,60,1,serving
216,63,1,tsp
216,150,1,serving
217,27,2,c
217,30,2,c
217,31,2,tsp
217,41,1,c
217,81,2,tsp
217,82,1,serving
217,146,2,tsp
217,197,1,tsp
217,228,1,serving
217,351,2,c
218,4,2,sticks
218,24,1,serving
218,30,2,tbsp
218,233,1,serving
219,109,1,serving
219,110,1,serving
219,267,1,lb
220,1,3,c
220,4,1,stick
220,11,1,serving
220,20,1,c
220,27,1,tbsp
220,30,1,c
220,45,1,serving
220,434,2,pkg
221,1,1,serving
221,56,1,lb
221,60,1,serving
221,158,1,serving
221,163,1,can
221,398,1,can
221,435,1,serving
222,2,1,tsp
222,3,1,serving
222,9,1,c
222,27,1,c
222,30,2,c
222,81,1,tsp
222,82,1,serving
222,193,1,tsp
223,81,2,tsp
223,82,1,serving
223,193,1,tsp
223,385,2,tsp
224,36,1,serving
224,38,1,serving
224,61,1,serving
224,287,1,serving
224,300,1,serving
224,304,1,lb
224,392,1,serving
225,13,1,tsp
225,37,1,serving
225,60,1,serving
225,61,1,serving
225,82,1,serving
225,178,2,cans
225,221,1,serving
225,317,1,tsp
225,437,1,lb
226,9,1,c
226,60,1,medium
226,71,1,serving
226,82,2,whole
226,202,1,serving
226,438,1,serving
227,28,1,serving
227,30,1,serving
227,41,1,serving
227,63,1,tsp
227,86,1,tbsp
227,439,2,large
227,440,1,serving
228,13,1,serving
228,441,1,c
229,1,1,serving
229,28,1,serving
229,60,1,serving
229,180,1,tsp
229,267,1,serving
229,274,1,tbsp
229,442,1,c
230,2,1,tsp
230,3,1,serving
230,43,1,serving
230,406,1,serving
231,56,1,lb
231,75,2,tsp
231,106,1,serving
231,147,2,tbsp
231,175,1,serving
231,207,1,c
231,245,1,serving
231,443,1,pkg
232,0,1,c
232,13,1,serving
232,28,1,serving
232,30,1,c
232,193,1,tsp
233,396,2,c
233,445,6,oz
234,4,1,tbsp
234,24,1,serving
234,36,1,serving
234,56,1,lb
234,60,1,serving
234,61,1,serving
234,92,1,serving
234,131,1,serving
234,309,1,serving
234,380,1,serving
234,446,1,serving
235,2,1,tsp
235,4,1,stick
235,27,1,serving
235,447,1,serving
235,448,1,tsp
236,37,1,serving
236,67,1,serving
236,409,1,serving
236,449,1,serving
237,2,1,tsp
237,4,1,stick
237,11,0,oz
237,20,1,box
237,82,1,serving
237,450,1,serving
238,1,1,serving
238,4,1,tbsp
238,13,1,tsp
238,27,3,tbsp
238,30,1,tbsp
238,82,1,serving
238,176,1,serving
239,30,4,c
239,81,1,tsp
239,82,1,serving
239,146,2,tsp
239,147,1,serving
239,193,1,tsp
239,214,1,serving
239,451,1,serving
240,37,1,qt
240,72,1,serving
240,88,2,cloves
240,89,1,serving
240,317,5,tsp
240,452,1,lb
240,453,2,c
240,454,1,doz
241,13,1,serving
241,15,1,serving
241,38,1,serving
241,88,1,serving
241,92,1,serving
241,94,12,oz
241,246,2,tbsp
241,253,1,serving
241,310,1,serving
242,24,1,serving
242,27,1,c
242,30,6,tbsp
242,35,1,serving
242,42,1,serving
242,147,1,stick
243,15,0,lb
243,36,1,can
243,37,3,c
243,60,1,serving
243,126,1,serving
243,141,1,can
243,455,1,serving
244,3,1,serving
244,11,1,serving
244,35,1,serving
244,63,1,tsp
244,72,1,serving
244,74,2,tbsp
244,183,1,serving
244,456,1,serving
244,457,1,small
245,27,1,c
245,60,1,large
245,168,2,lb
245,178,1,serving
246,2,2,tsp
246,13,1,tsp
246,27,2,c
246,30,3,c
246,79,1,c
246,82,1,serving
246,146,2,tsp
246,458,3,c
247,4,1,stick
247,9,8,oz
247,60,1,serving
247,163,1,can
247,236,1,serving
248,1,1,serving
248,450,1,serving
248,459,1,serving
249,27,1,tsp
249,28,1,serving
249,30,1,serving
249,37,1,serving
249,75,1,tbsp
250,2,2,tsp
250,27,2,c
250,82,1,serving
250,347,1,c
251,156,1,serving
251,460,1,lb
251,461,1,serving
252,0,1,serving
252,4,2,sticks
252,21,1,serving
252,462,1,serving
253,27,1,serving
253,38,2,small
253,71,1,serving
253,168,2,medium
253,463,1,serving
254,1,1,serving
254,82,1,serving
254,465,4,oz
254,466,1,serving
255,13,1,serving
256,11,1,pkg
256,312,1,serving
257,11,1,serving
257,60,1,serving
257,280,1,serving
258,42,1,serving
258,45,1,serving
258,81,1,serving
258,82,1,serving
258,221,3,slices
259,2,1,serving
259,13,1,serving
259,27,1,tsp
259,196,4,tsp
259,411,1,c
260,2,1,tsp
260,27,2,c
260,45,1,serving
260,82,1,serving
260,147,2,sticks
260,194,2,tbsp
261,14,1,serving
261,60,1,serving
261,71,1,c
261,82,1,serving
261,171,1,serving
261,365,1,serving
261,469,1,serving
262,60,1,serving
262,82,1,serving
262,87,2,tbsp
262,88,1,serving
262,168,1,serving
262,208,7,c
262,294,1,serving
262,471,2,tbsp
262,472,1,serving
262,473,1,lb
262,474,1,serving
262,475,6,oz
263,115,1,serving
263,214,2,tbsp
263,312,1,serving
263,478,1,serving
264,2,1,tsp
264,11,1,serving
264,43,1,can
264,479,1,serving
264,480,1,can
265,13,1,tsp
265,38,3,medium
265,109,1,serving
265,122,3,tbsp
265,180,1,tsp
265,245,1,serving
265,382,4,tbsp
265,481,1,serving
266,13,2,tsp
266,27,3,c
266,81,1,tsp
266,82,1,serving
266,146,1,tsp
266,170,1,c
266,193,1,tsp
266,197,1,tsp
266,198,1,tsp
266,351,1,serving
267,61,2,tbsp
267,82,1,serving
267,87,2,tbsp
267,156,1,serving
267,170,2,tbsp
267,191,1,serving
268,1,1,c
268,2,1,serving
268,30,1,serving
268,82,1,serving
268,152,4,tbsp
269,13,1,serving
269,88,2,cloves
269,282,1,serving
269,482,1,serving
270,30,1,tbsp
270,42,1,serving
270,222,3,c
271,11,1,serving
271,19,2,c
271,27,1,c
271,147,1,stick
271,415,2,c
271,483,2,pkg
271,484,1,c
272,4,3,tbsp
272,28,1,serving
272,30,1,serving
272,336,1,serving
272,485,1,c
272,486,1,tsp
272,488,1,serving
273,4,2,tbsp
273,489,1,serving
273,490,1,serving
273,491,1,serving
273,492,1,serving
274,2,2,tsp
274,11,1,serving
274,27,1,c
274,42,1,serving
274,50,1,c
274,63,3,tbsp
274,493,1,pkg
274,494,2,pkg
275,2,1,tsp
275,495,1,serving
276,27,2,c
276,30,1,serving
276,41,1,c
276,45,1,c
276,81,1,tsp
276,82,1,serving
276,210,1,tsp
276,498,1,serving
277,2,1,tbsp
277,27,3,c
277,82,4,beaten
277,147,2,sticks
277,499,1,c
278,83,1,serving
278,152,1,stick
278,500,1,serving
279,1,1,serving
279,2,1,tsp
279,45,1,serving
279,53,1,serving
279,185,7,oz
279,233,2,boxes
279,401,1,serving
280,27,3,tbsp
280,60,1,serving
280,74,2,c
280,102,1,serving
280,286,1,c
280,469,1,serving
280,501,1,serving
280,503,1,c
281,2,1,tsp
281,3,1,serving
281,37,1,tbsp
281,52,1,serving
281,233,1,lb
282,1,2,qts
282,2,2,tsp
282,13,1,serving
282,27,2,c
282,82,1,serving
283,19,2,c
283,20,1,c
283,52,1,serving
283,506,1,c
283,508,1,serving
284,30,1,serving
284,45,1,serving
284,81,1,tsp
284,82,1,serving
284,394,1,c
284,509,2,lbs
285,15,1,medium
285,24,1,lb
285,36,1,can
285,60,1,serving
285,61,1,serving
285,163,1,can
285,398,1,can
285,510,1,serving
286,11,8,oz
286,185,1,serving
286,511,1,serving
287,4,2,tbsp
287,30,2,tbsp
288,4,2,tbsp
288,13,1,serving
288,25,1,serving
288,37,1,c
288,60,1,serving
288,126,1,serving
288,482,1,serving
289,27,1,c
289,224,1,whole
289,228,1,serving
289,512,1,serving
290,4,3,tbsp
290,77,1,serving
290,82,1,serving
290,282,1,serving
290,440,1,serving
291,36,1,can
291,60,1,serving
291,94,1,serving
291,105,1,serving
291,144,1,can
291,175,1,can
291,273,1,lb
291,513,1,serving
292,27,1,serving
292,43,1,serving
292,63,2,tbsp
292,514,8,oz
293,60,1,serving
293,92,1,tsp
293,171,1,tsp
294,3,1,serving
294,42,1,serving
294,185,1,tsp
294,190,1,serving
294,516,1,tsp
294,517,1,tsp
295,26,1,serving
295,41,1,c
295,87,3,tbsp
295,228,1,serving
295,518,2,pkg
295,519,1,bunch
295,520,2,pkg
296,0,2,c
296,31,2,tsp
296,80,2,c
296,81,1,tsp
296,82,1,serving
296,147,1,stick
296,521,1,c
297,41,1,pt
297,214,1,tsp
297,522,1,serving
297,523,1,serving
298,60,1,serving
298,126,1,serving
298,266,1,lb
299,2,2,tsp
299,3,1,serving
299,27,2,c
299,30,2,c
299,82,1,serving
299,193,1,tsp
299,223,1,serving
300,28,1,serving
300,60,1,small
300,92,1,tsp
300,105,1,serving
300,156,1,serving
300,182,1,serving
300,253,1,serving
300,285,1,c
300,524,1,serving
301,127,1,serving
301,131,1,serving
301,219,1,serving
301,280,1,serving
301,340,1,serving
301,411,1,c
302,60,1,chopped
302,87,1,serving
302,99,2,chopped
302,126,2,chopped
302,208,1,can
303,1,1,c
303,13,1,tsp
303,28,1,serving
303,37,1,serving
303,56,2,lb
303,66,3,tbsp
303,102,2,c
303,191,1,serving
303,196,2,tbsp
303,446,1,c
303,525,3,tbsp
303,526,2,c
304,36,1,serving
304,37,2,c
304,56,1,lb
304,60,1,small
304,102,1,serving
304,126,1,c
304,178,1,can
304,527,1,serving
305,42,1,serving
305,52,1,serving
305,528,1,prepared
306,60,1,chopped
306,86,1,tsp
306,167,1,head
306,168,1,serving
306,253,1,serving
306,392,1,serving
306,529,1,serving
307,4,1,serving
307,35,1,serving
307,45,1,serving
307,147,1,serving
308,13,1,tsp
308,25,3,tbsp
308,27,1,tbsp
308,60,1,serving
308,258,1,large
308,447,1,serving
309,9,1,container
309,42,1,serving
309,52,1,serving
309,347,1,can
309,399,1,serving
309,413,1,can
310,9,8,oz
310,27,3,c
310,82,1,serving
310,147,2,sticks
310,495,1,serving
310,533,1,tsp
311,3,1,c
311,27,2,c
311,30,2,c
311,31,1,tsp
311,41,1,c
311,81,2,tsp
311,82,1,serving
311,146,2,tsp
311,351,2,c
312,12,1,tsp
312,13,1,serving
312,60,1,serving
312,105,1,can
313,14,1,serving
313,39,1,tsp
313,82,1,serving
313,197,1,serving
313,221,6,slices
313,469,1,c
314,56,1,lb
314,60,1,large
314,61,1,serving
314,131,1,serving
314,156,1,serving
314,182,1,serving
314,304,1,serving
314,535,1,serving
315,27,1,c
315,37,2,c
315,48,1,qt
315,252,2,c
315,372,4,c
315,536,4,c
316,2,3,tsp
316,27,2,c
316,30,3,c
316,41,1,c
316,82,1,serving
316,113,1,serving
316,146,3,tsp
317,77,2,peeled
317,80,2,c
317,249,2,peeled
317,538,2,c
318,37,3,c
318,39,1,tsp
318,56,2,lb
318,105,1,serving
318,317,2,tbsp
318,378,1,tsp
318,539,1,serving
318,540,2,tsp
319,4,2,tbsp
319,14,1,serving
319,36,4,medium
319,60,1,medium
319,300,2,medium
319,542,1,tbsp
320,1,2,tbsp
320,2,1,tsp
320,4,1,tbsp
320,27,1,serving
320,28,1,serving
320,30,2,tbsp
321,0,2,c
321,3,1,c
321,13,1,tsp
321,21,6,oz
321,27,1,serving
321,30,4,c
321,41,2,c
321,82,1,serving
321,185,2,c
321,276,1,serving
321,543,4,c
322,0,1,serving
322,4,1,c
322,21,6,oz
322,64,1,serving
322,82,1,serving
322,228,1,serving
322,508,1,serving
323,38,1,serving
323,544,1,serving
324,11,16,oz
324,60,1,serving
324,63,1,tsp
324,87,1,tsp
324,180,1,tsp
324,282,2,tbsp
325,1,1,serving
325,4,2,tbsp
325,30,1,c
325,81,1,tsp
325,82,1,serving
325,95,1,serving
325,351,1,serving
326,2,1,tsp
326,27,2,c
326,29,1,c
326,30,3,tsp
326,64,1,serving
326,82,1,serving
326,197,1,serving
327,2,1,tsp
327,27,1,c
327,82,1,serving
327,126,4,large
327,185,1,serving
327,336,1,serving
328,1,1,qt
328,24,1,serving
328,60,1,small
328,71,1,lb
328,145,1,serving
328,208,1,serving
328,286,1,lb
329,2,2,tsp
329,13,1,tsp
329,27,2,c
329,31,1,tsp
329,82,1,serving
329,495,1,serving
329,545,1,serving
330,27,1,c
330,522,1,serving
331,4,1,tbsp
331,13,2,tsp
331,60,1,tbsp
331,126,1,serving
331,176,1,serving
332,13,1,tsp
332,28,1,serving
332,30,3,c
332,37,5,tbsp
332,75,1,tbsp
333,27,2,c
333,546,1,tbsp
334,15,1,serving
334,161,1,serving
334,547,1,jar
334,548,1,serving
335,3,1,serving
335,43,1,serving
335,107,2,c
335,549,1,c
336,3,1,serving
336,550,1,serving
336,551,1,serving
337,2,1,tsp
337,11,1,serving
337,185,1,serving
337,233,6,c
338,27,1,tbsp
338,60,1,serving
338,75,1,tbsp
338,88,1,serving
338,106,1,serving
338,178,1,can
338,339,4,c
338,552,4,tbsp
338,553,2,tbsp
339,1,1,c
339,4,1,stick
339,13,1,tsp
339,30,1,serving
339,82,1,serving
339,111,1,serving
340,2,1,tsp
340,30,2,c
340,82,1,serving
340,194,4,tbsp
341,2,1,tbsp
341,73,1,c
341,81,1,tbsp
341,82,1,serving
341,555,2,c
342,406,1,serving
342,415,1,serving
342,556,1,serving
343,36,1,serving
343,38,1,serving
343,56,1,lb
343,88,1,serving
343,109,1,serving
343,557,16,oz
343,558,3,tbsp
344,7,1,serving
344,560,1,serving
345,37,1,serving
345,61,1,serving
345,102,1,serving
345,167,1,serving
345,561,1,box
346,28,1,beaten
346,30,1,c
346,196,1,c
346,383,1,serving
347,11,8,oz
347,15,1,serving
347,45,1,serving
347,60,1,serving
347,74,1,tbsp
347,87,2,tbsp
347,564,1,serving
348,4,3,tbsp
348,18,1,serving
348,43,1,serving
348,52,1,serving
348,507,1,serving
349,27,1,c
349,28,1,serving
349,37,1,serving
349,193,1,tsp
349,400,1,pkg
350,3,1,serving
350,11,8,oz
350,28,1,serving
350,82,1,serving
350,147,1,stick
350,151,1,pkg
350,233,1,box
351,13,2,tbsp
351,30,5,lb
351,37,3,c
351,79,3,lb
351,565,1,c
352,566,5,tbsp
353,8,1,serving
353,60,1,small
353,147,2,tbsp
353,424,1,serving
353,567,1,serving
353,568,1,serving
354,13,1,tbsp
354,14,1,tsp
354,27,1,tbsp
354,60,1,serving
354,258,1,head
354,569,1,serving
355,13,1,tsp
355,30,1,serving
355,37,1,serving
355,111,1,serving
355,570,3,tsp
356,8,1,can
356,15,1,serving
356,37,1,serving
356,161,1,envelope
356,191,1,serving
357,0,1,serving
357,2,1,tsp
357,30,1,serving
357,73,1,c
357,82,1,serving
357,228,1,serving
358,64,1,serving
358,427,1,serving
358,493,1,pkg
358,571,1,pt
359,4,1,stick
359,11,1,pkg
359,19,2,c
359,480,1,can
360,2,1,tsp
360,82,1,serving
360,112,1,c
360,401,1,serving
361,4,1,tbsp
361,6,1,serving
361,59,1,small
361,572,1,serving
361,574,1,c
362,9,1,serving
362,38,1,serving
362,205,1,serving
362,282,1,serving
362,575,4,lb
363,2,2,tsp
363,3,1,serving
363,27,2,c
363,30,3,c
363,31,1,tsp
363,41,1,c
363,42,1,serving
363,82,3,beaten
363,168,1,serving
364,1,1,c
364,13,1,serving
364,15,2,c
364,30,1,serving
364,208,2,c
364,576,1,can
365,1,1,serving
365,13,1,serving
365,126,6,large
366,0,1,serving
366,2,2,tsp
366,13,1,tsp
366,276,1,serving
367,1,1,serving
367,42,1,serving
367,52,1,serving
367,480,2,cans
368,4,1,serving
368,14,1,serving
368,442,2,c
368,578,1,pt
369,4,2,tbsp
369,13,1,tsp
369,30,2,c
370,0,1,c
370,2,1,tsp
370,31,1,tsp
370,81,1,tsp
370,82,1,serving
370,146,1,tsp
370,349,1,c
370,555,1,c
371,42,1,serving
371,74,1,serving
371,251,1,serving
371,580,1,serving
372,28,1,large
372,60,1,small
372,86,3,tbsp
372,126,1,serving
372,461,1,serving
372,581,1,serving
373,13,1,serving
373,14,1,serving
373,15,2,c
373,28,1,serving
373,582,1,c
374,13,2,tbsp
374,27,2,c
374,38,1,serving
374,102,1,stalk
374,106,1,serving
374,141,1,serving
374,301,1,pt
374,307,1,tbsp
374,344,1,serving
374,584,1,serving
374,585,1,tsp
375,28,1,serving
375,37,1,serving
375,81,1,tsp
375,248,1,tsp
375,586,1,c
376,4,2,sticks
376,27,1,serving
376,45,1,serving
376,82,1,serving
376,200,1,serving
376,347,7,oz
377,4,2,tbsp
377,25,1,serving
377,60,1,serving
377,126,1,serving
377,280,1,serving
378,24,1,serving
378,38,2,tbsp
378,82,1,serving
378,102,4,c
378,129,1,serving
378,293,1,serving
378,587,1,can
378,588,1,lb
378,589,1,serving
379,34,1,serving
379,56,2,lb
379,126,1,serving
379,245,1,serving
379,590,1,serving
380,1,3,c
380,4,1,stick
380,11,1,serving
380,30,1,c
380,233,1,c
380,591,1,serving
381,1,1,c
381,4,1,serving
381,45,1,c
381,82,1,serving
381,592,1,can
382,1,2,c
382,9,1,c
382,13,1,serving
382,25,1,serving
382,82,1,serving
382,282,1,serving
382,593,1,pkg
383,14,1,serving
383,88,1,serving
383,89,1,can
383,248,1,serving
383,383,1,serving
383,594,1,serving
384,1,1,c
384,6,1,serving
384,13,1,serving
384,24,1,c
384,60,1,serving
384,82,1,serving
385,4,1,c
385,13,1,tsp
385,37,1,serving
385,50,1,c
385,82,1,serving
385,111,2,pkg
386,9,1,c
386,56,1,lb
386,60,1,small
386,105,1,serving
386,158,1,serving
386,184,1,serving
386,342,1,c
386,513,1,envelope
387,11,0,oz
387,39,3,tsp
387,60,1,serving
387,63,3,tsp
387,131,1,serving
387,595,1,can
387,596,2,tbsp
388,597,1,serving
389,30,1,serving
389,37,1,serving
389,79,1,serving
389,82,1,serving
389,111,2,pkg
390,24,1,serving
390,36,1,serving
390,37,1,c
390,56,1,lb
390,60,1,serving
390,61,1,serving
390,191,1,serving
390,309,1,serving
391,4,2,tbsp
391,22,4,large
391,24,1,serving
391,229,1,c
391,598,1,serving
392,30,1,tbsp
392,71,1,serving
392,576,1,serving
393,13,1,tsp
393,28,1,serving
393,36,1,can
393,60,1,serving
393,167,1,head
393,191,1,serving
393,273,1,lb
394,1,2,c
394,2,1,tsp
394,82,1,serving
394,152,1,serving
394,185,1,can
395,38,1,serving
395,92,1,serving
395,131,1,serving
395,156,1,serving
395,182,1,serving
395,253,1,serving
396,13,1,c
396,27,8,lb
396,37,9,c
396,300,12,lb
396,601,14,tsp
396,602,1,serving
397,4,1,stick
397,11,1,serving
397,20,3,c
397,185,1,c
397,450,1,serving
398,13,1,serving
398,27,1,c
398,30,2,c
398,37,1,serving
398,74,1,c
398,193,2,tsp
398,194,4,tbsp
399,28,1,whole
399,135,1,serving
399,202,1,serving
399,603,1,serving
400,27,1,c
400,372,1,serving
400,374,1,serving
400,536,1,serving
400,604,1,serving
401,13,1,serving
401,38,2,medium
401,127,8,oz
401,503,1,serving
402,1,1,serving
402,11,1,serving
402,18,1,serving
402,20,1,c
402,605,1,serving
402,606,1,serving
403,14,1,serving
403,28,1,beaten
403,34,1,serving
403,176,1,serving
404,1,2,c
404,2,1,tsp
404,13,1,serving
404,27,1,c
404,77,1,serving
404,82,1,serving
404,200,1,serving
405,0,1,serving
405,13,2,tsp
405,30,2,tbsp
405,39,2,tbsp
405,60,1,medium
405,219,1,small
405,383,2,tsp
405,607,2,lb
405,608,1,serving
406,1,1,c
406,27,3,c
406,82,1,serving
406,533,1,tsp
406,609,3,c
406,610,1,tsp
407,30,1,serving
407,82,1,serving
407,196,1,c
407,611,1,serving
407,612,1,serving
408,14,1,serving
408,60,1,chopped
408,102,1,serving
408,191,1,serving
408,340,1,serving
408,380,1,serving
408,613,4,oz
409,20,1,lb
409,21,0,oz
409,152,1,stick
409,614,1,serving
409,615,3,c
410,25,6,slices
410,26,2,stems
410,75,2,tbsp
410,616,1,bunch
411,22,2,lb
411,619,1,serving
412,1,1,c
412,15,1,c
412,30,1,serving
412,157,1,c
412,208,1,c
413,2,1,tsp
413,50,1,c
413,73,1,serving
413,82,1,serving
413,620,4,slices
413,621,1,c
414,41,1,serving
414,60,1,medium
414,63,1,tsp
414,82,1,serving
414,145,1,tbsp
414,392,1,serving
414,622,1,serving
414,623,1,tbsp
415,27,2,c
415,30,3,c
415,31,1,tsp
415,45,1,c
415,82,1,serving
415,185,1,c
415,195,2,c
416,13,1,tsp
416,38,1,tbsp
416,56,1,lb
416,89,1,serving
416,182,1,serving
416,624,1,pizza
417,13,1,tsp
417,14,1,bell
417,27,2,tbsp
417,59,1,ripe
417,60,1,serving
417,167,1,head
417,246,1,serving
418,3,1,serving
418,37,1,c
418,42,1,serving
418,52,12,large
418,102,1,serving
418,168,1,serving
418,342,1,lb
418,483,1,pkg
418,536,1,serving
418,561,1,pkg
418,625,1,pkg
419,2,1,tsp
419,20,1,c
419,27,1,serving
419,30,1,serving
419,228,1,serving
419,566,1,stick
420,42,1,serving
420,106,1,serving
420,330,1,serving
420,626,1,serving
420,627,1,tbsp
421,2,1,serving
421,3,1,serving
421,13,1,serving
421,27,1,c
421,30,2,c
421,31,1,tsp
421,77,1,serving
421,82,1,serving
422,15,1,serving
422,30,1,c
422,34,1,serving
422,60,1,serving
422,82,1,serving
422,237,1,serving
422,317,1,serving
422,380,1,serving
422,453,1,serving
422,629,1,serving
423,13,1,tbsp
423,27,5,lb
423,36,1,gal
423,38,1,serving
423,75,1,qt
423,99,6,small
423,167,1,serving
423,210,1,tbsp
423,630,1,serving
424,25,10,slices
424,75,2,tbsp
424,548,1,c
424,631,2,bunches
425,4,1,stick
425,15,1,whole
425,44,3,large
425,92,1,serving
426,4,2,tbsp
426,30,1,c
426,146,1,tsp
426,632,1,serving
427,27,1,c
427,37,1,c
427,66,1,serving
427,634,1,serving
427,635,1,pt
428,7,1,serving
428,60,1,large
428,61,1,large
428,102,1,serving
428,156,1,serving
428,398,1,can
428,636,1,serving
429,1,1,serving
429,24,1,serving
429,60,1,serving
429,105,1,serving
429,273,1,lb
429,454,1,doz
429,637,1,serving
430,4,1,serving
430,13,1,serving
430,30,1,serving
431,74,1,c
431,102,1,tbsp
431,106,1,serving
431,167,1,serving
431,219,1,serving
432,30,1,c
432,152,1,stick
432,440,1,serving
433,56,1,lb
433,60,1,serving
433,93,1,tsp
433,105,8,oz
434,4,1,tbsp
434,27,1,c
434,30,1,serving
434,63,1,tbsp
434,353,1,serving
434,378,1,tsp
434,447,1,serving
434,639,1,serving
435,67,1,serving
435,76,1,box
435,82,1,serving
435,532,1,c
435,640,1,box
436,13,1,serving
436,60,1,serving
436,82,1,serving
436,403,1,box
436,553,1,serving
436,641,1,serving
437,4,3,tbsp
437,156,1,c
437,261,1,serving
437,275,1,cube
438,2,2,tsp
438,9,1,c
438,27,3,c
438,30,1,serving
438,82,1,serving
438,152,1,c
439,274,1,c
439,349,1,c
439,642,0,oz
440,1,1,tbsp
440,82,1,serving
441,11,0,oz
441,13,1,serving
441,147,1,c
442,34,1,can
442,36,1,serving
442,60,1,serving
442,499,1,can
442,643,2,lb
442,644,1,pkg
442,645,1,can
442,646,1,serving
443,2,1,tsp
443,30,2,c
443,31,2,tsp
443,45,1,c
443,81,1,tsp
443,82,1,serving
443,114,1,serving
444,4,1,c
444,28,1,serving
445,13,1,serving
445,27,1,c
445,82,1,serving
445,347,1,c
445,634,1,serving
445,647,1,tsp
446,2,1,tsp
446,4,2,sticks
446,27,3,c
446,30,3,c
446,82,1,serving
447,7,1,serving
447,8,1,can
447,157,1,can
447,163,1,can
447,648,1,c
448,37,2,c
448,38,1,serving
448,102,1,serving
448,131,1,serving
448,147,2,tbsp
448,168,1,serving
448,171,1,serving
448,219,1,serving
448,649,1,serving
448,650,1,can
449,2,3,tbsp
449,11,1,serving
449,41,2,tbsp
449,63,3,tbsp
449,82,1,serving
449,151,1,pkg
449,480,1,can
451,11,1,serving
451,24,1,serving
451,651,1,can
452,81,1,tsp
452,147,1,serving
452,652,2,pkg
453,1,2,c
453,4,2,tbsp
453,64,1,serving
453,66,4,tbsp
453,82,1,serving
453,516,1,tbsp
454,401,2,pkg
454,483,2,envelopes
454,484,3,c
454,653,1,serving
454,654,0,oz
455,0,2,tbsp
455,13,1,tsp
455,30,1,c
455,82,1,serving
455,146,1,tsp
455,421,1,c
455,422,1,serving
456,15,1,serving
456,56,1,lb
456,60,1,serving
456,105,1,can
456,191,1,serving
457,82,1,serving
457,83,1,serving
457,480,1,can
458,2,1,tbsp
458,18,1,c
458,27,1,c
458,199,8,c
458,656,1,c
459,1,1,serving
459,2,2,tsp
459,27,2,tbsp
459,28,1,serving
459,202,1,serving
459,657,1,serving
459,658,1,serving
459,659,2,tsp
460,82,1,serving
460,219,1,serving
460,253,2,c
460,282,1,serving
460,660,1,serving
461,2,1,tsp
461,4,1,stick
461,27,3,c
461,30,1,serving
461,82,1,serving
461,241,1,c
461,532,1,c
462,2,2,tsp
462,147,3,tbsp
462,494,1,serving
462,505,2,tsp
462,661,1,serving
462,662,2,pkg
463,2,4,tsp
463,4,2,c
463,13,1,tsp
463,27,1,c
463,30,4,c
463,228,1,serving
463,233,1,serving
464,27,2,c
464,37,1,c
464,48,1,qt
464,536,2,c
465,4,2,tbsp
465,13,1,tsp
465,28,1,serving
465,30,2,tbsp
465,34,1,can
465,145,1,serving
465,583,1,serving
466,27,1,cup
466,37,1,serving
466,374,1,can
466,536,1,can
466,663,1,pkg
467,7,1,serving
467,59,1,medium
467,131,1,serving
467,282,1,serving
467,461,1,serving
467,469,1,serving
467,664,1,serving
467,665,1,serving
468,2,1,tsp
468,3,1,serving
468,13,1,tsp
468,21,1,serving
468,30,1,serving
468,31,1,tsp
468,37,1,serving
468,79,1,c
468,82,1,serving
468,555,2,c
469,8,1,can
469,9,1,c
469,15,1,serving
469,24,1,serving
469,60,1,serving
469,163,1,can
469,510,1,serving
469,666,1,c
470,60,1,medium
470,87,1,c
470,156,1,can
470,668,1,serving
471,11,1,serving
471,74,1,c
471,150,1,serving
471,669,1,serving
472,81,2,tsp
472,147,1,serving
472,670,2,slices
473,42,1,serving
473,45,1,serving
473,480,1,can
473,671,1,can
474,13,1,tsp
474,30,7,cups
474,37,1,serving
474,82,1,serving
474,111,3,pkg
474,152,3,tbsp
475,13,1,serving
475,61,1,serving
475,102,1,stalk
475,178,1,serving
475,273,6,lb
475,672,1,medium
476,66,1,tbsp
476,72,1,serving
476,86,2,tbsp
476,87,2,tbsp
476,102,1,stalk
476,156,1,serving
476,208,1,serving
476,337,2,tbsp
476,524,2,c
476,674,1,serving
476,675,1,serving
477,36,2,medium
477,63,1,serving
477,106,1,serving
477,676,1,large
477,677,1,serving
477,678,2,tsp
478,11,1,serving
478,150,2,cans
478,679,1,serving
479,38,2,large
479,61,1,serving
479,102,1,bunch
479,293,1,serving
479,680,2,lb
479,681,2,c
479,682,1,serving
480,37,7,c
480,75,3,c
481,13,1,serving
481,30,1,serving
481,36,1,serving
481,41,1,serving
481,56,2,c
481,60,1,medium
481,674,1,medium
481,683,4,c
481,685,1,small
482,2,1,tsp
482,27,2,c
482,95,1,serving
482,152,1,stick
483,3,1,c
483,13,1,tsp
483,27,2,c
483,30,2,c
483,31,1,tsp
483,81,1,tsp
483,82,1,serving
483,168,1,serving
484,88,1,tsp
484,191,1,c
484,688,1,serving
485,13,1,serving
485,30,2,c
485,82,1,serving
485,146,2,tsp
485,578,1,pt
486,1,1,c
486,13,1,tsp
486,27,1,c
486,30,2,c
486,81,1,tsp
486,82,2,beaten
486,146,6,tsp
486,152,1,serving
487,0,1,serving
487,4,1,serving
487,30,1,serving
487,81,1,serving
487,624,1,box
488,8,1,can
488,60,1,large
488,333,1,serving
488,527,1,can
488,689,1,lb
489,25,4,slices
489,74,1,serving
489,82,1,serving
489,176,1,serving
489,690,1,serving
489,691,1,serving
490,15,1,serving
490,28,1,serving
490,147,3,tbsp
490,383,1,tsp
490,615,4,c
490,692,1,tsp
491,131,1,serving
491,215,1,serving
491,262,1,serving
491,461,1,serving
491,567,1,serving
492,41,2,tbsp
492,60,1,medium
492,102,1,c
492,237,1,serving
492,457,1,c
492,572,1,qt
493,9,2,c
493,25,1,serving
493,60,1,serving
493,82,2,beaten
493,223,1,serving
493,343,1,serving
493,674,1,serving
493,689,2,lb
494,7,8,boneless
494,8,1,can
494,14,1,serving
494,61,1,medium
494,88,1,serving
494,383,1,serving
494,694,1,box
495,4,2,sticks
495,21,1,serving
495,53,2,oz
495,233,1,box
495,614,1,c
496,28,1,serving
496,36,1,serving
496,56,1,lb
496,60,1,serving
496,61,1,serving
497,697,1,serving
497,699,1,lb
498,13,1,tsp
498,37,1,c
498,39,2,tbsp
498,60,1,serving
498,61,1,serving
498,105,1,serving
498,127,1,serving
499,9,1,c
499,30,2,tbsp
499,37,1,serving
499,56,1,lb
499,156,1,serving
499,161,1,serving
499,179,1,serving
500,1,3,c
500,82,1,serving
500,106,1,tsp
500,221,1,serving
500,700,1,serving
501,39,1,serving
501,60,1,serving
501,88,1,serving
501,145,1,serving
501,701,1,serving
501,702,1,serving
501,703,1,serving
502,27,1,serving
502,42,1,serving
502,52,1,serving
502,354,1,c
503,1,1,serving
503,60,1,serving
503,102,1,serving
503,202,1,serving
503,218,1,serving
503,461,1,c
503,704,1,serving
504,60,1,serving
504,88,1,serving
504,168,1,serving
504,253,1,serving
504,282,1,serving
504,705,1,serving
505,0,1,tbsp
505,9,1,serving
505,13,1,tsp
505,14,1,serving
505,24,1,serving
505,72,1,serving
505,105,1,serving
505,342,1,c
505,706,1,serving
506,24,1,serving
506,34,1,can
506,56,1,lb
506,60,1,small
506,333,1,serving
506,707,1,can
507,11,1,serving
507,45,1,serving
507,185,1,serving
507,450,1,serving
508,37,1,qt
508,708,2,lb
509,27,1,tsp
509,63,2,tbsp
509,66,1,tbsp
509,87,2,tbsp
509,104,2,tbsp
509,253,1,serving
509,472,1,serving
510,12,2,tsp
510,28,1,serving
510,38,1,serving
510,56,2,lb
510,529,1,serving
510,552,1,serving
511,2,1,tsp
511,3,1,serving
511,82,1,serving
511,146,2,tsp
511,394,2,c
512,27,1,c
512,709,1,c
512,710,1,serving
512,711,1,c
513,45,1,tbsp
513,63,1,tbsp
513,81,1,serving
513,197,1,serving
513,223,1,serving
513,712,1,serving
514,2,2,tsp
514,27,3,c
514,29,1,c
514,82,1,serving
514,185,1,serving
515,13,1,tbsp
515,36,1,serving
515,38,2,small
515,126,2,medium
515,168,1,serving
515,307,1,serving
515,714,1,serving
515,715,1,serving
516,11,1,serving
516,42,1,serving
516,77,1,serving
516,409,2,pkg
517,1,1,serving
517,4,1,tbsp
517,60,1,large
517,63,2,tbsp
517,126,2,large
517,262,1,tsp
517,461,2,tbsp
517,708,1,tbsp
517,716,1,serving
518,4,1,serving
518,13,1,serving
518,63,1,tbsp
518,717,3,tbsp
518,718,3,tbsp
519,13,1,tbsp
519,719,1,serving
519,720,1,c
520,4,1,serving
520,233,1,serving
520,406,1,serving
520,721,100,proof
520,722,1,serving
521,27,1,serving
521,109,1,serving
521,723,3,tbsp
522,3,1,serving
522,13,1,serving
522,21,1,c
522,185,1,serving
522,202,1,serving
523,60,1,serving
523,105,3,cans
523,317,1,serving
523,676,1,serving
524,42,1,serving
524,342,1,serving
524,724,1,serving
525,3,1,serving
525,4,1,serving
525,20,2,c
525,42,1,serving
525,77,1,serving
525,82,1,serving
525,399,1,serving
525,486,1,tsp
525,494,1,serving
525,508,2,c
526,9,1,carton
526,42,1,serving
526,50,1,c
526,76,1,serving
526,77,2,crushed
526,725,2,pkg
527,2,1,tsp
527,82,1,serving
527,577,1,c
527,624,1,serving
528,1,1,serving
528,3,1,serving
528,13,1,serving
528,21,1,serving
529,60,1,serving
529,529,1,serving
529,726,1,serving
530,150,5,cans
531,13,1,tsp
531,36,5,medium
531,88,3,cloves
531,92,1,serving
531,728,2,small
531,729,2,tbsp
531,730,2,tbsp
532,2,1,tsp
532,3,1,serving
532,13,1,tsp
532,31,1,tsp
532,82,1,serving
532,104,1,c
532,146,2,tsp
532,185,1,c
532,195,1,serving
533,4,1,serving
533,147,1,serving
533,313,2,packages
533,351,1,tsp
533,484,2,cups
533,507,1,serving
533,659,1,tsp
533,731,1,serving
534,63,4,tbsp
534,72,1,serving
534,74,1,c
534,183,1,serving
534,237,1,serving
534,732,0,oz
534,733,1,serving
535,1,1,serving
535,131,1,serving
535,152,3,tbsp
535,282,1,serving
535,375,1,serving
535,734,1,serving
535,735,1,serving
536,9,1,c
536,72,1,serving
536,74,1,c
536,736,1,serving
536,737,1,serving
537,9,1,c
537,24,1,serving
537,163,2,cans
537,598,1,serving
537,738,6,c
538,126,1,serving
538,218,1,serving
538,739,1,serving
539,4,1,stick
539,15,1,serving
539,60,1,serving
539,63,1,tbsp
539,82,1,serving
539,102,1,serving
539,163,1,can
539,191,1,serving
539,294,1,can
539,543,1,serving
540,4,1,stick
540,38,1,serving
540,167,1,head
541,36,1,serving
541,60,1,serving
541,61,1,serving
541,88,1,serving
541,147,4,tsp
541,171,1,tsp
541,740,2,slices
542,13,1,serving
542,60,1,slice
542,343,1,small
542,674,1,serving
542,741,1,serving
543,0,1,c
543,27,1,serving
543,81,2,tsp
543,399,1,serving
543,481,1,serving
544,14,1,serving
544,87,2,tbsp
544,122,1,tsp
544,274,2,tbsp
544,402,1,serving
544,742,1,serving
545,4,1,serving
545,28,1,serving
545,30,1,serving
545,77,2,ripe
545,81,1,tsp
545,146,1,tbsp
545,228,1,serving
545,744,1,serving
546,4,1,stick
546,13,1,serving
546,27,1,c
546,82,1,serving
546,194,2,tbsp
547,1,1,tbsp
547,27,1,serving
547,28,1,serving
547,30,2,c
547,745,2,tbsp
548,1,3,tbsp
548,20,1,c
548,107,1,c
548,494,4,sq
548,614,1,c
549,13,2,tsp
549,36,2,chopped
549,37,2,c
549,60,1,tbsp
549,61,1,chopped
549,88,1,serving
549,105,1,can
549,129,1,serving
549,143,1,c
549,191,1,lb
549,746,1,serving
549,747,1,tbsp
549,748,1,tbsp
550,4,1,serving
550,27,1,tbsp
550,82,1,serving
551,60,1,serving
551,163,1,can
551,273,1,lb
551,432,1,can
552,81,1,tsp
553,0,1,tbsp
553,39,1,tsp
553,56,1,lb
553,60,1,medium
553,89,1,can
553,92,1,tsp
553,94,1,serving
553,219,1,serving
553,220,4,tbsp
553,282,1,serving
553,304,1,serving
553,749,1,pkg
554,15,1,serving
554,42,1,serving
554,61,1,serving
554,66,1,tsp
554,87,1,serving
554,424,1,serving
554,471,1,serving
554,675,1,serving
554,750,1,c
554,751,1,serving
555,24,1,serving
555,60,1,medium
555,82,1,serving
555,141,1,pkg
555,367,1,serving
555,438,1,pkg
556,0,1,c
556,2,1,tsp
556,4,1,serving
556,27,1,c
556,30,1,c
556,32,1,serving
556,37,1,c
556,66,2,tsp
556,81,1,tsp
556,752,1,serving
557,0,1,c
557,1,1,serving
557,2,1,tsp
557,42,1,serving
557,82,1,serving
557,399,1,serving
558,7,1,serving
558,14,1,serving
558,60,1,serving
558,88,1,serving
558,182,1,serving
558,310,1,serving
558,628,1,serving
558,753,1,serving
558,754,1,serving
558,755,1,serving
558,756,1,serving
559,13,1,serving
559,24,1,serving
559,60,1,serving
559,88,1,serving
559,131,1,serving
559,182,1,serving
559,246,1,serving
559,599,1,serving
559,757,1,serving
560,74,2,c
560,501,1,serving
560,758,1,serving
561,2,1,tsp
561,4,1,serving
561,9,1,c
561,30,2,c
561,81,2,tsp
561,82,1,serving
561,146,1,tsp
561,193,1,tsp
561,223,1,large
561,228,1,serving
562,0,1,serving
562,28,1,serving
562,147,1,serving
562,195,3,medium
563,27,1,tbsp
563,42,1,serving
563,52,1,serving
563,347,1,c
563,414,1,serving
563,759,1,serving
564,13,1,serving
564,21,12,oz
564,233,4,c
564,399,1,serving
564,497,1,tsp
564,500,2,c
564,760,1,serving
565,88,3,cloves
565,761,1,lb
566,199,2,c
566,202,1,serving
566,347,1,serving
567,4,1,serving
567,27,2,c
567,30,1,tbsp
567,82,1,serving
567,628,1,tbsp
568,1,2,tbsp
568,2,2,tsp
568,3,1,serving
568,4,1,c
568,21,1,serving
568,82,1,serving
568,193,1,tsp
569,1,3,c
569,11,1,serving
569,20,1,c
569,762,1,serving
570,13,1,tsp
570,602,1,tsp
571,1,1,serving
571,15,1,serving
571,45,1,serving
571,147,1,serving
571,383,2,tsp
571,665,1,serving
571,763,1,c
572,36,1,qt
572,60,1,medium
572,102,1,c
572,126,1,serving
572,178,2,cans
572,205,1,serving
572,764,3,cans
573,4,1,serving
573,9,1,pt
573,11,0,oz
573,27,4,tbsp
573,82,1,serving
574,2,1,tsp
574,4,1,stick
574,27,2,c
574,95,1,serving
575,42,1,serving
575,45,1,serving
575,190,1,serving
575,242,1,serving
575,480,1,serving
575,766,1,serving
576,9,1,c
576,27,1,serving
576,63,1,tbsp
576,64,1,serving
576,353,1,serving
576,378,1,tsp
576,767,1,serving
577,1,1,c
577,28,1,serving
577,39,1,tbsp
577,60,1,serving
577,207,1,tbsp
577,769,1,serving
578,39,1,tbsp
578,60,1,serving
578,191,1,serving
578,206,2,cans
578,422,2,tbsp
579,27,1,c
579,30,2,c
579,31,1,tsp
579,81,1,tsp
579,82,1,serving
579,771,1,c
579,772,1,serving
580,2,1,tsp
580,3,1,c
580,13,1,tsp
580,29,1,c
580,30,3,c
580,79,1,c
580,82,1,serving
580,252,1,tbsp
580,400,1,serving
580,773,1,grated
581,157,2,cans
581,774,3,lb
582,81,6,sticks
582,210,12,whole
582,252,1,serving
582,775,1,serving
583,1,1,serving
583,13,1,serving
583,60,1,small
583,734,8,large
583,776,1,stick
584,4,3,tbsp
584,13,1,tsp
584,30,2,tbsp
584,82,1,serving
584,197,1,serving
584,220,1,tbsp
584,282,1,serving
584,439,1,serving
584,469,2,oz
585,13,1,serving
585,37,1,serving
585,777,1,serving
585,778,1,serving
585,779,1,serving
585,780,1,serving
586,2,1,tsp
586,27,1,c
586,30,2,c
586,41,3,tbsp
586,82,1,serving
586,228,1,serving
587,24,1,serving
587,86,1,serving
587,205,1,serving
587,309,1,serving
587,782,1,serving
587,783,1,serving
588,7,6,whole
588,13,1,serving
588,14,1,serving
588,88,1,serving
588,106,1,serving
588,282,1,serving
588,784,1,serving
589,2,1,tsp
589,30,1,serving
589,31,1,tsp
589,42,1,serving
589,45,1,c
589,73,1,c
589,81,1,tsp
589,82,1,serving
589,375,2,baked
590,36,1,serving
590,38,1,serving
590,88,1,serving
590,785,1,serving
590,786,1,serving
590,787,1,serving
590,788,4,lb
590,789,1,serving
590,790,4,lb
591,45,1,serving
591,152,1,stick
591,185,1,c
591,233,1,lb
591,450,1,german
591,697,8,oz
592,11,1,serving
592,45,1,serving
592,72,1,serving
592,282,1,serving
592,791,2,c
593,214,2,tbsp
593,794,1,serving
594,61,1,small
594,72,1,serving
594,795,2,lb
594,796,1,tbsp
595,1,4,tbsp
595,2,1,tsp
595,45,1,serving
595,77,1,serving
595,82,1,serving
595,146,2,tsp
596,484,1,c
597,1,3,c
597,27,2,tbsp
597,30,1,c
597,82,1,serving
598,27,6,c
598,32,6,c
598,249,1,serving
599,7,2,whole
599,246,1,serving
599,300,1,serving
599,392,1,serving
599,501,1,serving
599,798,1,can
599,799,1,serving
599,800,1,bunch
599,801,6,tbsp
600,48,6,oz
600,564,1,serving
600,802,1,dash
600,803,1,serving
601,27,2,c
601,29,1,c
601,30,3,c
601,81,1,tsp
601,82,1,serving
601,146,1,tsp
601,152,2,sticks
601,197,1,tsp
601,198,1,tsp
601,210,1,tsp
601,804,1,c
602,14,1,serving
602,300,1,serving
602,439,2,medium
603,36,1,serving
603,141,1,serving
603,806,1,serving
603,807,1,serving
604,30,1,serving
604,808,1,cup
604,809,1,cup
605,42,1,serving
605,52,1,serving
605,228,1,serving
605,229,1,pt
605,339,1,c
605,810,2,glasses
606,2,1,tsp
606,82,2,beaten
606,146,2,tsp
607,71,1,serving
607,158,1,serving
607,237,1,serving
607,380,1,serving
607,811,1,serving
608,1,1,serving
608,11,0,oz
608,35,1,serving
608,480,0,oz
609,44,1,serving
609,711,1,serving
609,812,1,serving
609,813,1,serving
610,13,1,serving
610,27,1,tbsp
610,28,1,serving
610,30,4,c
610,75,1,tbsp
611,4,1,tbsp
611,13,1,tsp
611,14,1,tsp
611,24,1,serving
611,28,1,serving
611,127,2,c
612,1,1,serving
612,13,1,serving
612,43,1,can
612,82,1,serving
612,533,3,tsp
613,0,1,serving
613,2,2,tsp
613,3,1,serving
613,13,2,tsp
613,21,1,c
613,27,1,serving
613,73,2,c
613,82,1,serving
613,95,1,serving
613,185,2,c
613,193,2,tsp
613,408,3,c
613,436,1,c
614,27,2,tbsp
614,30,2,tbsp
614,37,1,c
614,82,1,serving
614,102,1,tsp
614,126,6,c
615,38,4,c
615,197,1,serving
615,367,1,serving
615,814,10,c
615,815,4,tbsp
616,27,1,serving
617,2,1,tsp
617,11,4,oz
617,115,1,pt
617,818,1,serving
617,819,4,oz
617,820,1,c
618,21,1,serving
618,43,1,serving
618,147,1,stick
618,185,1,c
618,494,1,serving
618,821,1,serving
619,14,1,serving
619,36,1,serving
619,38,1,serving
619,158,1,serving
619,205,1,serving
619,280,1,serving
619,535,1,serving
620,13,1,tsp
620,14,1,serving
620,24,1,serving
620,822,1,serving
621,30,2,tbsp
621,60,1,serving
621,71,1,serving
621,82,1,serving
621,293,1,serving
622,27,1,c
622,28,1,serving
622,30,1,serving
622,146,2,tsp
622,312,1,c
623,13,1,tsp
623,25,6,slices
623,209,2,c
623,425,3,lb
624,9,1,serving
624,82,1,serving
624,362,1,serving
624,469,1,pkg
624,502,1,serving
624,503,1,serving
624,758,1,serving
625,11,1,serving
625,823,1,serving
626,60,1,serving
626,167,1,head
626,178,1,can
626,289,1,lb
627,13,1,serving
627,38,1,serving
627,102,1,serving
627,158,1,serving
627,527,1,serving
628,28,1,serving
628,30,1,tbsp
628,42,1,serving
628,52,1,serving
628,507,1,serving
628,825,1,serving
629,2,1,tsp
629,13,1,serving
629,27,2,c
629,30,1,serving
629,45,1,serving
629,81,1,tsp
629,82,1,serving
629,116,1,serving
629,146,2,tsp
629,193,1,tsp
630,7,1,serving
630,36,1,serving
630,60,1,serving
630,246,1,serving
631,27,2,c
631,30,1,serving
631,79,1,c
631,82,1,serving
631,241,1,c
631,533,2,tsp
632,7,4,large
632,24,1,serving
632,71,1,can
632,631,2,bunches
633,1,1,c
633,4,1,stick
633,27,1,c
633,30,1,serving
633,113,1,serving
635,4,6,tbsp
635,13,2,tbsp
635,27,2,tbsp
635,30,2,tbsp
635,36,1,serving
635,37,6,c
635,38,1,serving
635,63,1,serving
635,167,4,lb
635,573,1,tsp
635,827,1,serving
636,1,1,serving
636,42,1,serving
636,480,1,can
637,27,2,c
637,36,1,peck
637,38,3,lb
637,75,1,c
637,90,10,hot
638,27,2,c
638,82,1,serving
638,146,1,tbsp
638,408,3,c
639,28,1,serving
639,60,1,small
639,88,1,serving
639,105,1,c
639,131,1,serving
639,220,3,tbsp
639,253,3,medium
639,829,1,lb
640,64,1,serving
640,483,1,pkg
640,831,1,pkg
641,9,1,pt
641,60,1,serving
641,74,1,serving
641,181,3,pkg
641,221,1,serving
641,257,2,tsp
641,310,3,tbsp
641,832,1,serving
642,229,1,small
642,254,1,lb
642,368,1,box
642,401,1,serving
642,833,1,serving
643,8,1,can
643,191,1,serving
643,275,1,can
643,672,1,medium
644,2,1,tsp
644,9,1,pt
644,11,1,serving
644,82,1,serving
645,3,1,serving
645,30,3,c
645,73,1,c
645,146,3,tsp
645,178,1,can
645,193,1,tsp
645,197,1,tsp
645,198,1,tsp
646,13,1,serving
646,60,1,medium
646,88,1,serving
646,145,1,serving
646,171,1,serving
646,734,4,medium
646,834,1,serving
646,835,1,serving
646,836,1,serving
647,205,1,serving
647,306,10,oz
647,396,3,c
648,15,1,serving
648,60,1,serving
648,61,1,serving
648,102,1,serving
648,223,1,serving
648,287,1,serving
648,837,6,slices
648,838,1,serving
649,0,1,serving
649,1,1,serving
649,20,1,lb
649,839,1,serving
649,840,1,serving
650,37,2,qt
650,60,1,serving
650,102,1,serving
650,168,1,serving
650,841,2,lb
650,842,6,whole
650,843,1,serving
650,844,1,serving
651,4,3,tbsp
651,11,1,serving
651,27,1,tbsp
651,28,1,serving
651,113,1,serving
651,146,1,tsp
651,242,1,serving
652,13,1,serving
652,24,1,serving
652,845,1,serving
652,846,1,serving
653,1,2,c
653,8,1,can
653,15,1,serving
653,82,1,serving
653,129,1,serving
653,152,2,tbsp
653,156,1,serving
653,157,1,can
653,221,1,serving
653,267,8,slices
653,294,1,can
654,1,2,tbsp
654,2,1,tsp
654,27,1,c
654,30,1,serving
654,31,1,tsp
654,82,1,serving
654,146,1,tsp
654,251,1,serving
654,400,1,serving
654,543,1,serving
655,1,1,serving
655,2,1,tsp
655,4,1,stick
655,27,2,c
655,194,5,tbsp
656,4,1,lb
656,27,3,c
656,45,1,serving
656,51,2,tsp
656,82,1,serving
656,486,2,tsp
656,495,3,c
657,6,1,lb
657,13,1,tsp
657,14,1,tbsp
657,41,1,tbsp
657,59,1,serving
657,60,1,serving
657,87,1,tbsp
657,88,3,cloves
657,173,1,lb
657,191,1,serving
658,3,1,serving
658,27,1,c
658,28,1,serving
658,30,2,c
658,73,1,c
658,81,1,tsp
658,193,1,tsp
658,506,1,c
659,3,1,serving
659,30,1,serving
659,73,1,serving
659,79,1,c
659,82,1,serving
659,193,1,tsp
659,223,1,serving
659,378,3,tsp
660,27,2,c
660,30,3,c
660,82,1,serving
660,146,3,tsp
660,847,1,serving
661,4,1,stick
661,13,1,serving
661,60,1,large
661,82,1,serving
661,88,1,serving
661,246,1,small
661,262,1,tsp
661,307,1,tsp
661,848,1,serving
662,13,1,tsp
662,38,1,serving
662,61,1,serving
662,88,1,serving
662,849,1,serving
662,850,1,serving
662,851,1,tsp
663,60,1,serving
663,75,2,tbsp
663,86,2,tbsp
664,507,1,serving
664,853,1,serving
665,12,1,tsp
665,13,3,tsp
665,56,3,lb
665,105,1,can
665,167,1,serving
665,191,2,c
665,282,2,tbsp
665,402,3,tsp
665,572,1,can
666,8,1,can
666,60,1,serving
666,71,1,serving
666,147,1,serving
666,191,1,serving
667,4,2,tbsp
667,7,1,serving
667,36,1,serving
667,60,1,serving
667,88,1,serving
667,93,1,serving
667,131,1,serving
667,156,1,serving
667,220,2,tbsp
667,309,1,serving
667,854,1,pkg
668,82,1,serving
668,83,1,serving
668,413,1,serving
669,42,1,serving
669,50,2,c
669,52,1,serving
669,731,1,serving
669,759,1,serving
669,855,1,serving
670,37,1,c
670,63,2,tbsp
670,202,1,serving
670,227,1,serving
670,228,1,serving
670,413,1,serving
670,468,2,envelopes
670,856,1,serving
671,0,1,serving
671,52,1,serving
671,375,1,serving
672,13,6,tbsp
672,27,1,c
672,383,2,tsp
672,623,2,tsp
672,857,1,serving
673,13,1,serving
673,156,1,serving
673,697,8,oz
674,11,1,serving
674,20,1,box
675,35,1,serving
675,36,2,medium
675,181,1,serving
675,469,1,serving
675,572,1,serving
675,859,8,oz
676,1,2,tbsp
676,24,4,oz
676,82,1,serving
676,158,1,serving
676,165,1,serving
676,469,4,oz
677,27,1,c
677,32,5,c
677,52,1,serving
677,151,1,pkg
677,860,1,serving
678,42,1,serving
678,66,3,tbsp
678,87,2,tbsp
678,104,1,tbsp
678,207,2,tbsp
679,0,1,serving
679,3,1,serving
679,35,15,graham
679,147,1,c
679,405,1,serving
680,2,1,tsp
680,13,1,serving
680,28,1,serving
680,50,1,c
680,113,1,serving
680,146,2,tsp
681,2,2,tsp
681,27,2,c
681,194,4,tbsp
682,9,8,oz
682,11,8,oz
682,861,1,serving
682,862,2,tsp
683,37,4,cans
683,42,1,serving
683,863,1,serving
683,864,0,oz
683,865,0,oz
684,2,1,tbsp
684,13,1,tsp
684,27,2,c
684,30,3,c
684,31,1,tsp
684,41,1,c
684,45,1,serving
684,81,1,tbsp
684,82,1,serving
684,253,1,serving
685,4,1,tbsp
685,82,1,serving
685,267,2,slices
685,345,1,lb
685,527,1,serving
685,866,2,c
686,13,1,serving
686,867,3,cans
687,4,1,serving
687,38,1,serving
687,398,1,can
688,4,2,tbsp
688,81,1,tsp
688,731,1,serving
688,868,1,serving
689,60,1,small
689,127,1,c
689,178,2,cans
689,273,1,lb
690,4,2,tbsp
690,13,1,tsp
690,27,2,tbsp
690,28,1,serving
690,869,1,serving
690,870,1,pkg
690,871,1,c
691,0,1,c
691,30,1,serving
691,195,1,serving
691,276,1,serving
692,13,1,serving
692,27,1,tbsp
692,82,1,serving
692,102,1,tsp
692,548,1,serving
692,552,3,tbsp
693,4,1,serving
693,11,1,serving
693,27,1,c
693,30,1,serving
693,37,1,c
693,45,1,serving
693,63,1,tbsp
693,66,3,tbsp
693,67,3,tbsp
693,115,2,pt
693,233,1,serving
694,27,3,c
694,41,1,c
694,81,1,tsp
694,82,1,serving
694,193,2,tsp
694,197,1,tsp
694,351,1,serving
695,36,1,serving
695,158,1,serving
695,183,1,serving
695,184,1,serving
695,728,1,serving
695,872,1,serving
695,873,1,serving
696,9,1,c
696,11,1,serving
696,13,1,serving
696,37,1,serving
696,227,1,serving
696,478,1,pkg
696,860,1,pkg
697,0,1,c
697,30,2,tbsp
697,82,1,serving
697,228,1,serving
697,875,1,serving
698,8,1,can
698,60,1,serving
698,71,1,serving
698,102,1,serving
698,147,2,tsp
698,163,1,can
698,191,1,c
698,876,1,pkg
699,4,1,serving
699,39,1,tbsp
699,877,2,c
700,11,1,serving
700,13,1,serving
700,14,1,serving
700,879,7,oz
700,880,4,c
700,881,1,tbsp
701,77,1,serving
701,200,1,box
701,313,1,serving
702,82,1,serving
702,319,1,c
702,882,1,box
703,4,1,serving
703,9,0,oz
703,15,1,serving
703,35,1,serving
703,60,1,small
703,163,1,can
704,45,1,serving
704,77,1,serving
704,78,1,serving
704,415,1,pt
704,695,4,c
705,27,1,tbsp
705,82,1,serving
706,0,1,serving
706,13,1,serving
706,207,1,c
706,739,1,serving
706,883,1,c
707,77,1,serving
707,242,1,serving
707,413,2,cans
707,414,1,serving
707,415,1,serving
707,884,2,cans
708,61,1,serving
708,72,2,c
708,102,2,c
708,191,1,serving
708,273,1,lb
708,885,1,lb
709,126,1,serving
709,168,1,serving
709,886,1,serving
709,887,1,jar
710,21,1,c
710,43,1,serving
710,82,1,serving
710,147,1,serving
710,461,1,serving
710,486,2,tsp
710,888,1,serving
711,15,1,serving
711,63,2,tbsp
711,88,1,serving
711,698,1,serving
711,748,1,serving
712,37,1,c
712,39,2,tsp
712,56,1,lb
712,105,1,serving
712,131,1,serving
712,304,8,oz
712,590,1,serving
712,599,1,serving
713,27,2,tbsp
713,889,2,tbsp
714,9,1,c
714,13,1,serving
714,60,1,serving
714,74,1,serving
715,36,1,serving
715,38,1,serving
715,173,1,can
715,253,2,large
715,891,1,can
716,126,1,serving
717,2,1,tsp
717,13,1,tsp
717,27,1,serving
717,30,1,serving
717,31,1,tsp
717,37,1,serving
717,79,1,c
717,82,1,serving
717,186,1,c
717,406,1,serving
717,481,1,serving
718,8,1,can
718,356,2,cans
718,435,1,serving
719,36,2,medium
719,39,1,tbsp
719,60,1,small
719,61,1,serving
719,88,3,cloves
719,102,1,serving
719,127,1,serving
719,131,1,serving
719,141,2,tbsp
719,156,1,serving
719,171,1,serving
719,274,2,tbsp
719,275,1,can
719,666,1,c
719,826,1,serving
719,892,2,lb
719,893,8,oz
719,894,1,serving
720,37,2,tsp
720,66,1,tbsp
720,156,1,serving
720,282,1,serving
721,24,1,lb
721,60,1,serving
721,109,1,serving
721,191,1,serving
721,317,1,tsp
721,437,1,lb
722,13,1,tsp
722,27,1,c
722,28,1,serving
722,37,1,tbsp
722,81,1,tsp
722,896,1,lb
723,60,1,chopped
723,61,1,chopped
723,156,1,can
723,179,1,serving
723,535,1,package
723,897,1,serving
723,898,1,bag
724,9,1,serving
724,60,1,serving
724,380,1,can
724,674,1,serving
724,899,2,lb
724,900,1,serving
725,27,1,tbsp
725,37,2,c
725,42,1,serving
725,301,1,tsp
725,342,1,carton
725,901,2,pkg
726,4,2,tbsp
726,13,1,serving
726,60,1,small
726,126,6,medium
726,282,4,tbsp
727,60,1,serving
727,126,1,serving
727,527,2,cans
727,902,3,envelopes
728,4,1,serving
728,30,1,serving
728,77,1,serving
728,233,1,serving
729,42,1,serving
729,50,1,c
729,52,1,serving
729,342,1,c
729,903,1,large
730,1,1,c
730,27,1,c
730,30,1,c
730,303,1,serving
731,20,1,serving
731,51,1,tsp
731,82,1,serving
731,313,1,pkg
731,368,1,pkg
731,905,1,serving
732,13,1,serving
732,15,2,lb
732,126,1,serving
732,191,1,lb
732,286,1,head
732,363,2,large
732,906,1,serving
733,0,1,c
733,2,1,tsp
733,13,1,tsp
733,27,1,c
733,31,1,tsp
733,41,1,c
733,81,2,tsp
733,82,1,serving
733,146,1,tsp
733,168,1,serving
733,228,1,serving
733,708,2,c
733,907,1,serving
734,13,1,c
734,27,3,c
734,38,1,serving
734,75,2,c
734,99,1,serving
734,102,2,tsp
734,155,1,tsp
734,235,1,serving
735,36,1,serving
735,38,1,serving
735,102,3,stems
735,309,1,serving
735,910,1,box
736,27,1,tsp
736,36,1,serving
736,56,1,lb
736,105,1,serving
736,161,1,serving
736,162,1,serving
737,13,1,tsp
737,29,2,c
737,30,1,serving
737,296,1,serving
737,525,1,tbsp
738,39,1,tbsp
738,56,1,lb
738,60,1,medium
738,106,1,tbsp
738,109,1,serving
738,144,1,serving
738,245,1,serving
738,645,1,serving
739,1,1,serving
739,82,1,serving
740,13,1,tsp
740,27,3,tsp
740,30,4,c
740,82,1,serving
740,111,1,pkg
740,152,1,c
740,808,1,c
741,14,1,serving
741,59,1,medium
741,60,1,serving
741,82,1,serving
741,106,1,serving
741,168,1,serving
741,300,1,serving
742,1,2,c
742,2,2,tsp
742,9,1,pt
742,27,1,c
742,37,1,serving
742,903,1,serving
742,912,1,serving
743,4,1,c
743,14,1,serving
743,15,1,serving
743,131,1,c
743,229,1,c
743,811,1,serving
743,879,1,lb
743,913,1,serving
744,13,1,serving
744,30,1,serving
744,81,1,tbsp
744,82,1,serving
744,210,1,tbsp
744,223,1,serving
744,248,1,tsp
744,729,1,tsp
744,914,1,tsp
744,915,1,serving
745,11,3,oz
745,30,2,c
745,82,1,serving
745,916,1,c
746,2,1,tsp
746,27,1,c
746,30,1,serving
746,42,1,serving
746,82,1,serving
746,147,1,serving
746,917,1,serving
747,1,1,c
747,13,1,serving
747,27,2,c
747,30,2,c
747,31,1,tsp
747,81,2,tsp
747,82,1,serving
747,146,1,tsp
747,198,1,serving
747,506,2,c
748,27,1,tbsp
748,28,1,serving
748,30,4,c
748,37,1,serving
748,75,1,tbsp
749,13,1,tsp
749,24,16,oz
749,38,2,medium
749,82,1,serving
749,141,2,c
749,146,1,tsp
749,628,2,c
749,918,2,lb
750,30,1,serving
750,77,1,serving
750,713,1,serving
750,919,1,serving
750,920,1,serving
751,13,1,serving
751,37,3,c
751,56,3,lb
751,105,2,cans
751,175,3,cans
751,317,5,tbsp
751,921,1,serving
751,922,1,pkg
752,8,1,can
752,60,1,serving
752,61,1,serving
752,105,2,cans
752,273,1,lb
752,304,1,serving
753,4,1,tbsp
753,27,2,cups
753,82,1,serving
753,241,1,serving
753,923,1,serving
754,2,2,tsp
754,3,1,serving
754,13,1,tsp
754,30,2,c
754,63,1,tsp
754,81,1,tsp
754,82,1,serving
754,193,2,tsp
754,197,1,tsp
754,198,1,tsp
754,924,3,c
755,2,1,tbsp
755,27,2,c
755,45,1,c
755,82,1,serving
755,146,2,tbsp
755,147,2,sticks
755,185,1,can
755,399,1,bottle
755,494,1,serving
756,2,1,tsp
756,27,2,c
756,152,1,stick
756,555,3,c
757,0,8,oz
757,2,1,tbsp
757,3,12,oz
757,13,1,tsp
757,30,8,oz
757,82,1,serving
757,146,2,tbsp
757,147,1,lb
758,13,1,serving
758,24,1,serving
758,82,1,serving
758,182,2,c
758,205,1,lb
758,352,1,serving
759,2,1,tsp
759,27,1,c
759,45,1,serving
759,400,1,serving
759,615,2,c
760,1,1,qt
760,60,1,serving
760,102,1,serving
760,168,1,serving
760,267,1,serving
760,519,2,c
760,925,1,serving
761,36,1,serving
761,60,1,medium
761,88,1,serving
761,105,1,serving
761,220,3,tbsp
761,282,1,serving
761,926,1,serving
761,927,1,serving
762,1,4,c
762,3,1,serving
762,11,1,serving
762,20,1,serving
762,30,1,c
762,147,1,serving
762,313,1,serving
762,731,1,serving
762,928,1,serving
763,2,3,tsp
763,13,1,tsp
763,27,2,c
763,30,3,c
763,31,1,tsp
763,41,1,c
763,42,1,serving
763,81,2,tsp
763,82,1,serving
763,253,1,serving
764,1,2,c
764,4,2,tbsp
764,13,1,serving
764,27,1,tsp
764,30,1,c
764,82,1,serving
764,159,1,serving
764,929,1,serving
765,36,1,serving
765,60,1,diced
765,61,1,serving
765,102,1,serving
765,134,1,serving
765,930,1,diced
766,24,1,serving
766,204,3,c
766,932,1,lb
767,1,1,serving
767,2,1,tbsp
767,27,2,c
767,933,1,box
768,60,1,small
768,126,1,serving
768,173,1,can
768,273,1,lb
768,934,1,can
768,935,1,can
768,936,1,can
769,11,1,serving
769,13,1,tsp
769,14,1,serving
769,26,2,bunches
769,60,1,serving
769,82,1,serving
769,362,1,serving
769,938,1,lb
770,7,1,serving
770,10,10,oz
770,24,1,serving
770,66,4,tsp
770,102,1,serving
770,690,1,serving
770,728,1,serving
771,13,1,serving
771,161,1,serving
771,940,1,serving
772,0,2,lb
772,2,1,tbsp
772,18,3,lb
772,21,1,lb
772,31,8,tsp
772,82,1,serving
772,316,1,tbsp
772,349,4,c
772,555,18,c
772,941,1,serving
773,45,1,serving
773,697,1,serving
773,942,1,serving
774,24,8,oz
774,27,2,tbsp
774,61,1,serving
774,74,1,c
774,102,1,serving
774,501,1,serving
774,943,1,pkg
775,4,2,tbsp
775,38,1,serving
775,41,2,tbsp
775,88,1,serving
775,411,1,pt
775,944,1,serving
775,945,1,serving
776,8,2,cans
776,161,1,serving
776,667,1,lb
777,2,1,tsp
777,13,1,tsp
777,27,3,c
777,41,1,c
777,81,1,tsp
777,82,1,serving
777,193,2,tsp
777,197,1,tsp
777,351,1,serving
778,9,1,c
778,60,1,large
778,147,1,stick
778,236,1,serving
778,293,1,serving
778,294,1,serving
778,398,1,serving
778,946,1,serving
779,82,1,serving
779,151,1,pkg
779,561,1,serving
780,9,0,oz
780,13,1,serving
780,24,0,oz
780,147,1,stick
780,163,1,can
780,387,1,serving
781,71,1,serving
781,147,1,stick
781,157,1,can
781,191,1,serving
782,9,1,serving
782,13,1,tsp
782,27,1,tbsp
782,36,1,serving
782,60,1,serving
782,61,1,serving
782,127,8,oz
782,317,1,tbsp
782,680,1,lb
783,0,1,serving
783,28,1,serving
783,30,1,serving
783,73,1,c
783,95,1,serving
783,228,1,serving
784,63,1,tbsp
784,282,1,serving
784,948,0,oz
785,13,2,tsp
785,36,1,serving
785,56,1,lb
785,60,1,c
785,89,1,serving
785,92,1,tsp
785,267,1,c
786,4,2,tbsp
786,13,1,serving
786,27,1,c
786,30,1,tbsp
786,82,1,serving
787,1,1,serving
787,13,1,tsp
787,30,2,c
787,146,2,tsp
787,208,1,qt
788,13,1,tsp
788,56,1,lb
788,86,2,tbsp
788,175,1,can
788,178,1,can
788,317,1,tsp
788,822,4,oz
789,27,1,c
789,42,1,serving
789,82,1,serving
790,27,1,tsp
790,39,1,tsp
790,63,1,tbsp
790,94,1,serving
790,102,1,c
790,238,1,tsp
790,912,1,serving
791,2,1,serving
791,4,4,sticks
791,30,3,c
791,82,1,serving
792,27,2,c
792,30,4,c
792,51,1,tsp
792,82,1,serving
793,36,1,serving
793,38,2,large
793,55,2,cans
793,88,1,serving
793,165,1,serving
793,246,1,serving
793,317,1,tsp
793,437,2,lb
793,499,2,lb
794,1,1,serving
794,13,1,serving
794,28,1,serving
794,30,1,c
794,146,2,tsp
794,950,0,lb
795,1,2,c
795,2,1,tsp
795,4,1,tbsp
795,13,1,serving
795,30,1,serving
795,82,1,serving
796,1,1,serving
796,42,1,serving
796,46,1,serving
796,52,1,serving
796,951,1,serving
797,27,1,c
797,60,1,serving
797,61,1,serving
797,102,1,serving
797,170,1,c
797,237,1,serving
798,9,1,pt
798,113,1,serving
798,479,1,serving
799,484,2,c
799,731,1,serving
799,952,1,serving
799,953,1,serving
799,954,1,serving
799,955,1,serving
800,903,1,serving
800,956,4,pkg
801,1,1,serving
801,60,1,serving
801,71,1,serving
801,129,1,serving
801,163,1,can
801,191,1,c
802,2,1,tbsp
802,27,2,tbsp
802,30,1,cup
802,45,1,serving
802,63,2,tbsp
802,82,1,serving
803,1,1,c
803,13,1,tsp
803,27,1,tbsp
803,82,1,serving
803,141,1,serving
803,532,2,tbsp
804,4,1,c
804,9,1,c
804,30,1,serving
804,82,1,serving
805,1,1,serving
805,4,1,serving
805,60,1,serving
805,126,1,serving
805,141,1,can
805,958,1,can
806,4,1,tbsp
806,27,1,c
806,66,2,tbsp
806,159,1,serving
807,11,1,large
807,13,1,serving
807,60,1,small
807,74,3,tbsp
807,168,3,small
807,930,1,small
808,3,1,serving
808,35,1,serving
808,355,1,serving
808,959,1,serving
808,960,1,serving
809,14,1,serving
809,60,1,medium
809,88,3,cloves
809,961,1,serving
809,962,1,piece
809,964,2,tbsp
810,0,2,tbsp
810,56,2,lb
810,60,1,serving
810,61,1,serving
810,82,1,serving
810,92,1,tsp
810,94,1,c
810,102,1,stalk
810,106,1,tsp
810,156,1,serving
810,171,1,tsp
810,310,1,tbsp
810,674,1,small
810,965,1,tsp
811,27,1,c
811,82,1,serving
811,146,1,tsp
811,966,1,serving
812,63,2,tbsp
812,77,1,serving
812,146,3,tsp
812,159,1,serving
812,202,1,serving
812,378,1,tsp
812,495,1,serving
813,13,1,tsp
813,14,1,tsp
813,88,1,tsp
813,134,1,serving
813,967,1,can
814,0,1,c
814,31,1,tsp
814,82,1,serving
814,95,1,c
814,147,1,stick
814,349,1,c
815,1,1,serving
815,13,1,serving
815,27,1,serving
815,30,1,serving
815,37,1,serving
815,81,1,serving
815,86,1,serving
815,146,1,serving
815,195,1,serving
815,436,1,serving
816,4,1,tbsp
816,37,3,tbsp
816,168,1,serving
816,282,1,serving
816,559,1,serving
817,42,1,serving
817,81,1,serving
817,113,1,serving
817,115,1,serving
818,9,1,c
818,42,1,c
818,52,1,serving
818,413,1,serving
819,1,1,serving
819,2,1,tsp
819,27,1,c
819,45,1,serving
819,159,1,serving
820,507,1,serving
820,969,1,tbsp
820,970,1,serving
820,971,1,serving
821,3,1,serving
821,21,1,serving
821,348,1,serving
821,401,1,serving
821,508,1,serving
822,60,1,serving
822,61,1,serving
822,245,1,serving
822,973,1,serving
823,163,1,c
823,191,1,serving
823,291,1,c
824,18,1,jar
824,19,1,c
824,221,1,serving
825,1,1,qt
825,2,1,tsp
825,3,1,serving
825,13,2,tsp
825,30,12,c
825,37,1,serving
825,73,1,c
825,81,1,tsp
825,82,3,whole
825,111,3,cakes
825,974,1,bag
825,975,1,tsp
825,976,1,serving
825,977,1,lb
826,81,1,tsp
826,147,2,sticks
826,195,1,serving
826,544,1,serving
826,978,1,serving
827,4,6,tbsp
827,28,1,serving
827,37,1,serving
827,39,1,tbsp
827,61,1,serving
827,72,1,serving
827,237,1,serving
827,679,1,serving
827,979,1,serving
827,981,1,serving
828,39,4,tbsp
828,191,2,c
828,402,1,tsp
828,877,1,c
829,42,1,serving
829,45,1,serving
829,114,1,serving
829,185,1,serving
829,313,1,serving
829,399,1,serving
829,480,1,serving
829,982,1,serving
829,983,1,serving
830,63,1,tsp
830,185,1,serving
830,202,4,medium
830,984,2,tsp
831,4,3,tbsp
831,37,2,c
831,60,1,serving
831,156,1,serving
831,534,1,c
831,894,2,lb
831,985,1,lb
831,986,1,c
832,3,1,serving
832,11,1,lb
832,24,1,lb
832,39,1,tbsp
832,60,1,medium
832,230,1,lb
833,3,1,serving
833,19,2,c
833,20,2,c
833,42,1,serving
833,77,1,serving
833,82,1,serving
833,152,3,sticks
834,1,2,c
834,13,2,tsp
834,27,1,tbsp
834,30,6,c
834,111,2,pkg
834,628,1,serving
835,27,1,c
835,82,1,serving
835,987,3,c
836,75,1,tsp
836,106,1,serving
836,154,3,cans
836,274,1,serving
836,988,1,serving
837,15,1,can
837,60,1,medium
837,72,2,bunches
837,88,1,box
837,179,1,serving
837,208,1,can
837,282,1,bunch
837,811,1,serving
838,3,1,serving
838,21,1,serving
838,185,1,can
838,989,1,serving
839,4,2,tbsp
839,30,1,serving
839,37,1,c
839,63,1,tbsp
840,2,1,tsp
840,42,1,serving
840,52,1,serving
840,229,1,pt
841,60,1,serving
841,126,1,serving
841,273,1,serving
841,737,1,serving
842,1,1,serving
842,9,1,c
842,60,1,small
842,152,2,tbsp
842,163,1,can
842,199,1,serving
842,990,1,pkg
842,991,1,can
843,8,1,can
843,60,1,serving
843,163,1,can
843,289,1,lb
843,291,6,oz
843,861,1,pkg
843,992,1,can
844,993,1,serving
844,994,1,serving
844,995,1,pkg
844,996,1,serving
844,997,1,serving
844,998,1,c
845,1,1,c
845,230,1,lb
845,503,1,serving
845,598,1,serving
845,999,1,serving
846,60,1,serving
846,89,1,serving
846,105,1,serving
846,122,1,tsp
846,131,1,serving
846,885,1,lb
846,1000,3,cans
847,27,2,c
847,30,2,c
847,76,1,serving
847,81,1,tsp
847,82,1,serving
847,193,1,tsp
848,24,1,serving
848,204,2,cups
849,0,1,c
849,2,1,tbsp
849,4,1,c
849,13,1,tsp
849,30,4,c
849,82,3,beaten
849,196,1,tbsp
849,349,1,c
850,42,1,serving
850,50,2,c
850,74,1,c
850,330,3,tbsp
850,342,1,serving
850,354,1,c
850,561,1,serving
850,1001,1,serving
851,30,1,serving
851,37,1,serving
851,104,1,tbsp
851,601,1,tbsp
851,1002,1,serving
852,9,1,c
852,24,1,serving
852,74,1,c
852,82,1,serving
852,294,1,serving
852,503,1,box
852,679,1,serving
853,4,1,serving
853,9,1,pt
853,13,1,tsp
853,24,1,serving
853,60,1,serving
853,163,2,cans
854,43,1,serving
854,77,3,medium
854,200,1,serving
854,229,2,c
854,313,1,serving
855,13,2,tsp
855,60,1,serving
856,56,3,lb
856,59,1,small
856,60,1,small
856,105,1,small
856,141,1,serving
856,156,1,serving
856,158,1,serving
856,219,1,serving
856,246,1,c
856,290,1,serving
856,309,1,serving
857,11,8,oz
857,42,1,serving
857,45,1,serving
857,50,1,c
857,493,1,serving
858,42,1,serving
858,45,1,serving
858,52,1,serving
858,77,1,serving
858,480,1,can
859,13,1,serving
859,60,1,serving
859,88,1,serving
859,105,1,serving
859,131,1,serving
859,310,1,serving
859,461,1,serving
860,11,8,oz
860,242,1,serving
860,1003,1,pkg
860,1004,12,oz
861,8,1,serving
861,443,1,serving
862,15,1,large
862,157,1,can
862,163,1,can
862,208,1,c
862,621,1,serving
862,665,1,tbsp
862,690,1,pkg
863,0,1,c
863,3,1,serving
863,13,1,tsp
863,77,1,serving
863,82,1,serving
863,223,1,large
864,35,30,soda
864,60,1,small
864,61,1,small
864,82,1,serving
865,2,1,tsp
865,27,2,c
865,29,1,c
865,30,1,serving
865,82,1,serving
865,146,1,tsp
865,497,1,tbsp
866,3,1,serving
866,13,1,serving
866,43,1,serving
866,1005,1,serving
867,38,2,small
867,300,2,small
867,1006,2,tbsp
868,13,1,serving
868,25,10,slices
868,36,1,serving
868,60,1,serving
868,61,1,medium
868,106,2,tbsp
868,230,1,serving
868,690,1,serving
869,8,1,can
869,191,1,serving
869,280,1,serving
870,13,1,tsp
870,45,1,serving
870,81,1,tsp
870,82,1,serving
870,146,1,tbsp
870,253,1,medium
870,276,1,serving
871,7,4,boneless
871,60,1,serving
871,134,1,serving
871,179,1,serving
871,182,1,serving
871,219,1,peeled
871,461,1,serving
871,599,1,jar
872,42,1,serving
872,147,1,stick
872,151,1,box
872,480,1,can
873,13,1,tsp
873,27,2,c
873,30,3,c
873,41,1,c
873,75,2,tbsp
873,193,2,tsp
873,196,2,c
874,2,2,tsp
874,4,1,serving
874,27,1,c
874,30,3,c
874,146,1,tsp
874,159,1,serving
875,27,4,c
875,1007,4,c
875,1008,1,serving
876,27,1,c
876,202,1,serving
876,229,1,serving
876,1009,3,c
877,13,1,tsp
877,24,1,serving
877,27,2,tsp
877,36,1,serving
877,38,1,serving
877,56,1,lb
877,89,1,serving
877,175,1,can
877,317,1,tbsp
878,105,1,serving
878,590,1,serving
878,1010,1,serving
878,1011,1,serving
879,15,1,serving
879,37,1,serving
879,157,1,can
879,163,1,can
879,432,1,can
880,36,1,serving
880,109,1,serving
880,291,2,c
880,435,1,serving
880,501,1,serving
880,679,1,serving
881,6,1,serving
881,9,1,serving
881,14,1,serving
881,60,1,serving
882,15,1,serving
882,60,1,medium
882,380,1,c
882,1012,1,medium
883,8,1,can
883,157,1,can
883,163,1,can
883,191,1,serving
883,999,1,serving
884,27,1,tbsp
884,28,1,serving
884,29,1,c
884,30,1,serving
884,41,2,tbsp
884,146,1,tsp
885,342,8,oz
885,373,1,serving
886,59,1,large
886,60,1,large
886,134,1,bottle
886,930,1,large
886,1014,1,lb
887,3,1,serving
887,30,1,serving
887,73,2,c
887,193,4,tsp
887,349,1,c
887,1015,1,serving
888,11,1,serving
888,30,2,c
888,147,1,serving
889,31,1,tsp
889,81,2,tsp
889,82,1,serving
889,385,2,tsp
890,268,1,serving
890,522,34,oz
890,698,1,serving
890,1016,34,oz
891,11,8,oz
891,20,1,c
891,928,1,serving
892,13,1,tsp
892,14,1,serving
892,28,1,serving
892,56,1,lb
892,60,1,serving
892,106,2,tbsp
892,131,1,serving
892,158,1,serving
893,1,1,c
893,4,1,serving
893,24,1,serving
893,30,1,serving
893,60,1,serving
893,82,1,serving
893,146,1,tsp
893,1017,1,serving
894,27,1,c
894,60,1,small
894,106,1,tsp
894,245,1,serving
894,274,1,tbsp
894,1018,1,large
895,2,1,tsp
895,3,1,serving
895,19,1,c
895,27,1,c
895,159,1,serving
895,202,1,serving
895,556,1,tsp
896,14,1,serving
896,59,1,serving
896,60,1,serving
896,1019,2,cans
897,0,1,tbsp
897,6,2,lb
897,13,2,tsp
897,30,2,tbsp
897,37,3,c
897,38,1,serving
897,75,1,tsp
897,179,1,serving
897,180,1,tsp
897,219,1,small
897,282,1,serving
897,826,1,serving
897,1020,4,tbsp
898,4,1,serving
898,13,1,tsp
898,60,1,small
898,71,10,oz
898,82,1,serving
898,438,1,serving
899,151,1,pkg
899,233,1,serving
899,252,1,c
900,30,2,tbsp
900,82,1,serving
901,4,3,tbsp
901,7,1,serving
901,13,1,tsp
901,14,1,serving
901,15,1,serving
901,30,3,tbsp
901,229,1,c
901,280,1,serving
901,383,1,tsp
901,691,3,slices
902,9,1,serving
902,141,1,serving
902,147,1,stick
902,177,1,serving
903,4,1,serving
903,50,1,c
903,82,1,serving
903,904,2,tbsp
903,1021,1,serving
904,4,1,c
904,27,2,c
904,30,2,c
904,31,1,tsp
904,82,1,serving
905,36,1,serving
905,82,1,serving
905,142,2,cans
905,291,1,serving
905,339,1,serving
905,502,1,serving
906,13,1,serving
906,36,1,serving
906,38,1,serving
906,56,3,lb
906,88,3,cloves
906,102,1,serving
906,230,8,oz
906,317,4,tsp
906,457,1,serving
906,770,3,tbsp
906,1022,1,serving
906,1023,18,c
906,1024,1,serving
907,147,2,tbsp
907,182,1,serving
907,897,8,oz
907,1025,1,serving
908,1,1,pt
908,13,1,tbsp
908,27,1,tbsp
908,30,1,serving
908,37,1,serving
908,111,1,pkg
908,202,1,serving
909,399,1,serving
909,508,1,serving
909,571,1,serving
909,818,0,oz
909,1027,1,jar
909,1028,1,bottle
910,27,1,c
910,45,1,serving
910,75,1,tbsp
910,135,1,serving
910,223,1,serving
910,227,1,serving
910,249,1,serving
911,2,1,tbsp
911,20,1,serving
911,30,1,serving
911,37,1,tbsp
912,61,1,small
912,72,1,bunch
912,167,1,small
912,674,1,serving
912,679,1,serving
912,800,1,serving
912,930,1,serving
913,0,1,c
913,2,1,tsp
913,4,1,serving
913,45,1,c
913,82,3,whole
913,201,1,c
914,13,1,serving
914,75,1,tbsp
914,170,1,c
914,219,1,serving
914,1030,1,serving
915,19,1,c
915,21,1,c
915,43,1,c
915,185,1,c
915,228,1,c
915,821,1,c
916,60,1,serving
916,74,1,c
916,127,8,oz
916,237,1,serving
916,306,1,lb
916,380,1,can
917,0,1,serving
917,9,1,c
917,30,1,serving
917,50,1,c
917,82,1,serving
917,108,3,sq
917,146,2,tsp
918,11,8,oz
918,27,1,serving
918,28,1,serving
918,82,1,serving
918,147,1,stick
918,151,1,box
919,60,1,serving
919,63,4,tbsp
919,75,2,tbsp
919,274,1,c
919,1031,5,lb
920,7,1,lb
920,37,2,tbsp
920,38,2,medium
920,66,1,tbsp
920,86,2,tbsp
920,88,1,serving
920,179,1,serving
920,1032,1,serving
921,1,2,c
921,82,1,serving
922,355,1,serving
922,507,1,serving
922,971,1,serving
922,1005,1,serving
923,3,1,serving
923,200,1,serving
923,406,1,c
924,2,1,tsp
924,3,1,serving
924,13,1,tsp
924,27,2,c
924,30,2,c
924,31,2,tsp
924,42,1,serving
924,82,1,serving
924,185,1,c
925,42,1,serving
925,66,3,tbsp
925,168,1,serving
926,134,1,serving
926,182,1,serving
926,228,1,serving
927,4,1,tbsp
927,30,2,tbsp
927,38,2,large
927,86,1,tbsp
927,221,1,serving
927,469,1,serving
927,853,6,c
928,82,1,serving
928,146,3,tsp
928,228,1,serving
928,444,6,tbsp
928,495,3,c
929,71,4,c
929,169,16,oz
929,1034,1,serving
930,60,1,serving
930,61,1,serving
930,131,1,serving
930,156,1,serving
930,182,1,serving
930,897,1,serving
930,1035,1,serving
931,15,2,lb
931,87,1,serving
931,88,1,serving
931,212,2,tbsp
931,214,1,tbsp
931,476,1,serving
931,962,1,serving
931,1036,1,serving
932,9,8,oz
932,72,1,serving
932,74,10,oz
932,102,4,sticks
932,294,6,oz
932,475,6,oz
932,832,1,serving
932,1037,2,lb
932,1038,1,pkg
933,13,1,serving
933,127,1,serving
933,342,1,serving
934,4,2,tsp
934,26,1,serving
934,56,1,lb
934,60,1,serving
934,82,1,serving
934,131,1,serving
934,182,1,serving
934,342,1,c
934,599,1,jar
935,0,2,tbsp
935,13,1,serving
935,105,1,can
935,317,1,serving
936,30,1,serving
936,202,1,serving
936,399,1,serving
937,3,1,serving
937,37,2,c
937,195,1,serving
937,222,1,lb
937,249,1,serving
937,427,1,serving
938,42,1,serving
938,114,1,serving
938,242,1,serving
938,413,2,cans
938,1039,1,serving
939,27,6,c
939,38,6,medium
939,40,1,serving
939,75,6,c
939,378,1,tsp
939,541,1,tsp
939,673,1,tsp
939,791,1,tbsp
939,1040,1,serving
939,1041,1,serving
939,1042,2,tbsp
939,1043,1,tbsp
940,3,1,serving
940,13,1,tsp
940,27,2,c
940,30,3,c
940,31,1,tsp
940,81,1,tbsp
940,82,1,serving
940,415,1,serving
941,9,2,c
941,42,1,serving
941,45,1,serving
941,50,1,c
941,67,2,pkg
941,77,3,mashed
942,127,1,c
942,178,1,can
942,267,1,serving
942,1044,1,can
943,4,1,serving
943,37,1,serving
943,111,1,pkg
944,9,1,c
944,14,1,serving
944,60,1,medium
944,63,1,tbsp
944,282,1,serving
944,302,1,serving
944,704,1,serving
945,27,1,serving
945,36,1,serving
945,37,1,serving
945,56,1,lb
945,60,1,serving
945,61,1,serving
945,102,1,serving
945,105,8,oz
945,161,1,serving
945,205,1,lb
945,275,2,cans
945,1045,1,serving
945,1046,1,tbsp
946,7,1,serving
946,290,1,serving
946,293,1,serving
946,1047,1,serving
947,25,1,serving
947,39,1,tbsp
947,60,1,medium
947,75,1,tbsp
947,106,1,tbsp
947,207,1,c
947,245,1,can
947,273,1,lb
947,492,1,can
947,702,1,tbsp
947,850,1,can
947,1048,1,can
948,11,1,serving
948,1050,1,serving
949,13,1,serving
949,88,4,cloves
949,220,2,tbsp
949,282,1,serving
949,782,1,serving
949,926,1,serving
949,1051,1,serving
950,9,0,oz
950,82,1,serving
950,141,1,serving
950,152,1,stick
950,438,1,serving
951,9,2,c
951,13,1,serving
951,61,1,serving
951,72,1,serving
951,74,2,c
951,129,1,serving
952,11,1,serving
952,72,1,serving
952,271,2,oz
952,362,1,serving
952,980,5,oz
952,1008,5,oz
952,1054,1,serving
952,1056,2,oz
953,1,1,c
953,8,1,can
953,15,2,c
953,163,1,can
953,1057,1,can
953,1058,1,can
954,11,1,serving
954,303,1,serving
954,1059,1,serving
955,508,1,pt
955,1060,22,oreo
956,1,1,c
956,4,2,tbsp
956,13,1,serving
956,202,1,serving
956,442,1,serving
956,1062,1,c
957,13,1,tsp
957,60,1,serving
957,61,1,serving
957,82,1,serving
957,237,1,serving
957,383,1,serving
957,1063,1,chopped
958,4,1,serving
958,195,1,serving
958,1064,1,serving
959,13,1,serving
959,36,1,serving
959,131,1,serving
959,363,1,small
959,1065,1,serving
960,13,1,tsp
960,27,2,c
960,30,3,c
960,82,4,beaten
960,104,1,c
960,193,1,tsp
960,228,1,serving
960,1066,2,c
961,13,1,serving
961,36,1,serving
961,72,1,bunch
961,88,1,serving
961,105,1,serving
961,165,1,serving
961,729,1,serving
961,770,1,tsp
961,921,2,medium
962,28,1,serving
962,56,1,lb
962,60,1,medium
962,86,2,tbsp
962,168,1,serving
962,178,1,serving
962,310,1,serving
962,845,1,serving
962,853,1,serving
962,1067,2,c
963,8,1,c
963,191,1,serving
963,230,8,oz
963,286,1,serving
963,340,1,box
964,60,1,small
964,102,1,serving
964,147,1,serving
964,157,1,c
964,167,1,serving
964,237,1,serving
964,246,1,serving
964,1068,1,serving
965,13,1,serving
965,36,1,serving
965,60,1,serving
965,61,1,serving
965,102,1,serving
965,1069,8,oz
965,1071,1,can
965,1072,1,serving
966,2,1,tsp
966,11,8,oz
966,21,6,oz
966,28,1,serving
966,37,1,c
966,75,1,tbsp
966,193,1,tsp
967,8,1,can
967,13,1,serving
967,127,1,serving
967,143,1,serving
967,1073,1,serving
968,2,2,tsp
968,82,1,serving
968,147,2,sticks
968,316,1,serving
969,13,2,tsp
969,36,1,serving
969,60,1,serving
969,88,1,serving
969,175,1,serving
969,273,1,lb
969,317,3,tsp
970,15,1,serving
970,147,1,serving
970,469,1,serving
970,1074,1,serving
970,1075,1,serving
971,2,2,tbsp
971,13,3,tsp
971,27,3,lb
971,37,2,c
971,82,3,c
972,52,1,serving
972,507,1,serving
972,615,2,c
972,1077,1,pkg
972,1078,2,c
973,209,1,serving
973,223,1,serving
973,1080,1,tbsp
974,1,2,c
974,4,1,stick
974,27,1,c
974,30,1,c
974,113,1,serving
975,0,4,tbsp
975,25,4,pieces
975,75,4,tbsp
975,106,2,tbsp
975,1081,4,tbsp
976,4,1,serving
976,28,1,serving
976,45,1,serving
976,1082,1,serving
977,8,1,can
977,15,1,whole
977,60,1,chopped
977,163,1,can
977,1084,1,can
978,2,1,tsp
978,4,1,tbsp
978,27,1,c
978,31,1,tsp
978,507,1,serving
979,1,1,serving
979,443,1,serving
980,2,1,tsp
980,27,2,c
980,95,3,c
980,147,1,stick
981,141,3,c
981,179,1,serving
981,507,1,serving
981,722,1,c
981,1085,0,oz
982,13,1,serving
982,37,1,serving
982,38,2,qt
982,88,6,cloves
982,92,1,oz
982,102,1,qt
982,126,1,serving
982,155,4,oz
982,168,1,qt
982,171,1,oz
982,262,1,oz
982,280,1,serving
982,365,1,oz
982,539,1,serving
982,1086,1,lb
982,1087,2,qt
983,27,2,boxes
983,185,1,c
983,624,1,serving
983,1088,3,c
984,1,2,tbsp
984,60,1,large
984,87,2,tbsp
984,88,4,cloves
984,106,1,serving
984,274,6,tbsp
984,301,2,c
985,7,2,whole
985,24,1,serving
985,63,2,tsp
985,155,1,tsp
985,157,2,cans
985,267,8,slices
985,340,1,serving
985,461,1,serving
986,1,1,tbsp
986,2,1,tsp
986,4,1,c
986,27,2,c
986,30,4,c
986,82,1,serving
986,146,3,tbsp
986,197,1,tsp
987,4,8,tbsp
987,82,1,serving
987,221,1,serving
988,60,1,serving
988,61,1,serving
988,82,1,serving
988,131,1,serving
988,220,2,tbsp
988,304,6,oz
988,342,1,c
988,599,2,c
988,1090,1,lb
988,1091,1,serving
989,9,8,oz
989,33,1,can
989,34,1,can
989,152,1,stick
989,177,1,serving
990,4,1,serving
990,15,1,serving
990,45,1,serving
990,60,1,diced
990,102,1,serving
990,163,1,can
990,191,1,serving
991,29,1,c
991,82,1,serving
991,146,1,tsp
991,194,7,tbsp
991,1092,1,tsp
992,1,1,c
992,27,2,tbsp
992,28,1,serving
992,30,2,c
992,79,1,serving
992,312,2,c
993,13,1,tsp
993,15,1,serving
993,44,1,serving
993,630,2,tbsp
993,1093,1,serving
994,27,2,c
994,81,1,tsp
995,818,1,serving
995,1094,1,serving
996,0,1,c
996,81,1,tsp
996,82,1,serving
996,221,1,serving
996,505,2,tbsp
997,11,1,serving
997,56,1,lb
997,161,1,serving
997,461,1,serving
997,1095,1,pkg
998,37,2,c
998,126,2,baked
998,161,1,envelope
998,168,2,medium
998,326,1,serving
998,961,2,lb
999,11,1,serving
999,42,1,serving
999,43,1,can
999,903,1,serving
999,1096,1,serving
1000,170,1,c
1000,257,1,tsp
1000,548,1,serving
1000,1097,1,serving
1001,28,1,serving
1001,212,1,serving
1001,221,1,serving
1001,908,1,serving
1001,1098,1,large
1002,4,4,tbsp
1002,29,4,tbsp
1002,214,2,tsp
1003,13,1,serving
1003,25,3,strips
1003,27,1,tsp
1003,30,3,tbsp
1003,37,1,c
1003,60,1,serving
1004,60,1,large
1004,75,1,c
1004,102,1,tsp
1004,106,1,serving
1004,167,1,head
1005,13,1,tsp
1005,126,1,serving
1005,220,3,tbsp
1005,366,1,serving
1005,1099,1,serving
1006,11,1,serving
1006,42,1,serving
1006,45,1,serving
1006,52,1,serving
1007,36,1,serving
1007,37,2,c
1007,56,1,lb
1007,60,1,small
1007,61,1,medium
1007,179,1,serving
1007,219,1,serving
1007,1100,1,serving
1008,72,1,serving
1008,74,1,serving
1008,82,4,boiled
1008,220,1,tsp
1008,894,1,serving
1008,985,1,lb
1008,1102,1,serving
1009,1,1,c
1009,15,1,serving
1009,60,1,serving
1009,82,1,serving
1009,147,2,tbsp
1009,163,1,can
1009,204,1,c
1009,432,1,can
1010,27,1,serving
1010,28,1,serving
1010,43,1,serving
1010,486,1,tsp
1010,998,60,hershey
1010,1103,2,c
1011,694,1,pkg
1012,8,1,can
1012,9,1,c
1012,71,1,serving
1012,461,1,serving
1012,1104,1,lb
1013,12,2,tsp
1013,13,1,serving
1013,37,1,c
1013,56,1,lb
1013,60,1,medium
1013,965,1,serving
1013,1105,1,envelope
1014,39,1,tsp
1014,60,1,medium
1014,61,1,medium
1014,106,1,tsp
1014,168,2,lb
1014,178,1,can
1015,27,1,serving
1015,28,1,serving
1015,30,1,serving
1015,63,1,serving
1015,79,1,serving
1015,146,3,tsp
1016,27,1,tbsp
1016,29,1,c
1016,60,1,serving
1016,82,1,serving
1016,90,4,jalapeno
1016,141,1,serving
1016,246,1,serving
1016,341,1,serving
1017,28,1,serving
1017,37,1,serving
1017,193,2,tsp
1017,586,1,c
1018,28,1,serving
1018,56,1,lb
1018,60,1,serving
1018,61,1,serving
1018,461,1,c
1018,1106,6,oz
1018,1107,1,serving
1019,3,1,serving
1019,19,3,c
1019,20,2,c
1019,42,1,serving
1019,77,1,serving
1019,82,1,serving
1019,251,1,serving
1019,1108,1,large
1020,2,1,tbsp
1020,4,1,c
1020,27,2,c
1020,29,1,c
1020,30,1,serving
1020,82,1,serving
1021,4,1,stick
1021,8,1,can
1021,60,1,chopped
1021,191,1,serving
1021,1109,2,pkg
1022,9,1,serving
1022,24,1,serving
1022,36,2,plum
1022,60,2,green
1022,72,1,serving
1022,184,1,serving
1022,317,1,tsp
1022,1110,1,serving
1022,1112,1,c
1022,1113,1,serving
1022,1114,1,serving
1023,4,2,tbsp
1023,60,1,medium
1023,88,1,serving
1023,252,1,serving
1023,1115,6,pieces
1024,13,1,tsp
1024,26,1,serving
1024,36,1,serving
1024,63,2,tbsp
1024,94,1,c
1024,196,2,c
1024,257,2,tbsp
1024,300,1,serving
1024,468,2,envelopes
1024,811,1,serving
1025,1,1,serving
1025,27,2,tbsp
1025,415,1,serving
1025,580,1,medium
1026,152,1,stick
1026,221,4,slices
1026,291,1,c
1026,294,1,can
1026,398,1,can
1027,102,1,serving
1027,126,1,serving
1027,143,1,serving
1027,168,1,serving
1027,178,1,can
1027,191,1,serving
1027,289,1,lb
1028,60,1,serving
1028,82,1,serving
1028,88,1,serving
1028,156,1,serving
1028,362,1,serving
1028,437,1,lb
1028,1117,1,serving
1029,13,1,serving
1029,63,2,tbsp
1029,758,16,small
1029,1119,30,oz
1029,1120,4,tbsp
1030,2,1,tsp
1030,27,1,c
1030,30,2,c
1030,37,1,serving
1030,193,1,tsp
1030,194,2,tbsp
1031,4,6,tbsp
1031,71,1,serving
1031,158,8,oz
1031,191,1,serving
1032,9,2,c
1032,38,1,serving
1032,158,1,serving
1032,1121,9,oz
1033,13,1,serving
1033,56,1,lb
1033,72,1,serving
1033,87,1,serving
1033,168,1,serving
1033,191,1,c
1033,1122,1,serving
1034,15,6,pieces
1034,37,1,can
1034,157,1,can
1034,161,1,serving
1034,1123,1,c
1035,13,1,tsp
1035,60,1,serving
1035,61,1,serving
1035,173,1,can
1035,174,1,can
1035,175,1,can
1036,13,1,serving
1036,14,1,serving
1036,36,1,serving
1036,38,1,serving
1036,56,3,lb
1036,845,1,serving
1037,6,2,lb
1037,37,10,c
1037,38,3,large
1037,88,1,serving
1037,126,1,serving
1037,168,1,serving
1037,262,2,tsp
1037,772,1,serving
1037,1124,3,tbsp
1037,1125,1,serving
1038,0,4,tbsp
1038,25,4,tbsp
1038,75,4,tbsp
1038,106,1,serving
1038,109,2,cans
1038,720,4,tbsp
1039,0,1,serving
1039,1,2,tsp
1039,2,2,tsp
1039,13,1,tsp
1039,27,2,c
1039,30,1,serving
1039,45,1,serving
1039,82,1,serving
1039,193,1,tsp
1039,195,1,serving
1040,13,1,serving
1040,37,1,serving
1040,105,1,serving
1040,196,1,c
1040,291,1,serving
1040,421,1,c
1041,4,1,serving
1041,309,1,serving
1041,1126,1,serving
1042,27,1,serving
1042,196,2,tbsp
1042,507,1,serving
1042,956,1,serving
1042,1032,1,serving
1042,1127,1,serving
1042,1128,1,c
1043,1,3,c
1043,2,1,tsp
1043,13,1,pinch
1043,30,1,tsp
1043,64,1,serving
1043,82,1,serving
1043,197,1,serving
1043,411,1,c
1044,13,2,tsp
1044,38,1,serving
1044,39,2,tbsp
1044,54,1,serving
1044,56,2,lb
1044,199,1,c
1044,1129,1,c
1045,9,8,oz
1045,141,1,serving
1045,147,1,stick
1045,1130,1,serving
1046,4,2,tsp
1046,30,2,tbsp
1046,60,1,medium
1046,61,1,serving
1046,178,1,can
1046,208,1,can
1046,1131,1,can
1047,13,1,tsp
1047,28,1,serving
1047,37,2,c
1047,56,1,lb
1047,60,1,serving
1047,105,1,can
1047,572,1,can
1047,648,1,c
1047,1132,1,medium
1048,11,1,serving
1048,27,1,tsp
1048,56,1,lb
1048,60,1,serving
1048,88,2,cloves
1048,92,1,tsp
1048,105,1,serving
1049,30,1,c
1050,2,1,tsp
1050,27,1,serving
1050,30,1,c
1050,82,1,serving
1050,146,1,tsp
1051,24,1,serving
1051,38,1,serving
1051,56,1,lb
1051,71,1,serving
1051,157,1,serving
1051,343,1,serving
1052,1,1,serving
1052,8,1,serving
1052,60,1,serving
1052,128,1,serving
1052,179,1,serving
1052,219,1,serving
1052,568,1,serving
1053,2,1,tsp
1053,4,1,c
1053,29,1,c
1053,82,1,serving
1054,13,2,tsp
1054,27,1,c
1054,30,1,serving
1054,31,1,tsp
1054,111,1,serving
1054,146,1,tsp
1054,241,1,qt
1054,525,1,c
1055,27,1,serving
1055,30,2,c
1055,82,1,serving
